,Longitude,Latitude,Name.of.School.x,Location,Data.x,Name.of.School.y,Type,Specialty,ISAT.Exceeding.Math..,ISAT.Exceeding.Reading...,Closed,Magnet,Magnet2,Testing,Type2
17,-87.78786686,41.91793654,UNO Charter - Near West Elementary,"(-87.78786686, 41.91793654)",2,NA,Charter,NA,NA,NA,NA,0,0,0,Charter
27,-87.77671136,41.92167549,Chicago Intl Charter - West Belden,"(-87.77671136, 41.92167549)",2,NA,Charter,NA,NA,NA,NA,0,0,0,Charter
40,-87.76534092,41.88234944,Catalyst Elementary School - Circle Rock,"(-87.76534092, 41.88234944)",2,NA,Charter,NA,NA,NA,NA,0,0,0,Charter
41,-87.76332484,41.87273313,Plato Learning Academy Elementary School,"(-87.76332484, 41.87273313)",2,NA,Charter,NA,NA,NA,NA,0,0,0,Charter
59,-87.74720007,41.89214726,KIPP Charter Create,"(-87.74720007, 41.89214726)",2,NA,Charter,NA,NA,NA,NA,0,0,0,Charter
64,-87.74009675,41.80755107,Academy for Global Citizenship Elementary School,"(-87.74009675, 41.80755107)",2,NA,Charter,NA,NA,NA,NA,0,0,0,Charter
83,-87.73036028,41.80789494,UNO Charter School - SPC Daniel Zizumbo Campus,"(-87.73036028, 41.80789494)",2,NA,Charter,NA,NA,NA,NA,0,0,0,Charter
84,-87.73036028,41.80789494,UNO Charter School - PFC Omar E.Torres Campus,"(-87.73036028, 41.80789494)",2,NA,Charter,NA,NA,NA,NA,0,0,0,Charter
99,-87.72195542,41.8973405,Galapagos Elementary Charter School,"(-87.72195542, 41.8973405)",2,NA,Charter,NA,NA,NA,NA,0,0,0,Charter
101,-87.72182581,41.96637821,ASPIRA Charter - Haugan Campus,"(-87.72182581, 41.96637821)",2,NA,Charter,NA,NA,NA,NA,0,0,0,Charter
133,-87.71071543,41.86725283,LEARN Charter ES - Romano Butler Campus,"(-87.71071543, 41.86725283)",2,NA,Charter,NA,NA,NA,NA,0,0,0,Charter
134,-87.7105295,41.95090201,Chicago Intl Charter - Irving Park,"(-87.7105295, 41.95090201)",2,NA,Charter,NA,NA,NA,NA,0,0,0,Charter
140,-87.70883469,41.80106791,UNO 51st and Homan Charter Elementary School,"(-87.70883469, 41.80106791)",2,NA,Charter,NA,NA,NA,NA,0,0,0,Charter
145,-87.70802532,41.85850181,Catalyst Charter ES - Howland,"(-87.70802532, 41.85850181)",2,NA,Charter,NA,NA,NA,NA,0,0,0,Charter
147,-87.70783352,41.89255998,Polaris Charter Academy Elementary School,"(-87.70783352, 41.89255998)",2,NA,Charter,NA,NA,NA,NA,0,0,0,Charter
157,-87.70524106,41.87722085,Alain Locke Charter Elementary Academy,"(-87.70524106, 41.87722085)",2,NA,Charter,NA,NA,NA,NA,0,0,0,Charter
171,-87.7021614,41.88746153,Learn Charter 7 ES,"(-87.7021614, 41.88746153)",2,NA,Charter,NA,NA,NA,NA,0,0,0,Charter
176,-87.69956817,41.9374484,UNO Charter - Carlos Fuentes,"(-87.69956817, 41.9374484)",2,NA,Charter,NA,NA,NA,NA,0,0,0,Charter
180,-87.69877543,41.87786014,LEARN Charter ES - Charles and Dorothy Campbell,"(-87.69877543, 41.87786014)",2,NA,Charter,NA,NA,NA,NA,0,0,0,Charter
183,-87.69738923,41.80833634,UNO Charter School - Officer Donald J. Marquez,"(-87.69738923, 41.80833634)",2,NA,Charter,NA,NA,NA,NA,0,0,0,Charter
196,-87.69432633,41.90680106,Erie Elementary Charter School,"(-87.69432633, 41.90680106)",2,NA,Charter,NA,NA,NA,NA,0,0,0,Charter
197,-87.69397186,41.82291183,UNO Charter - Sandra Cisneros,"(-87.69397186, 41.82291183)",2,NA,Charter,NA,NA,NA,NA,0,0,0,Charter
198,-87.69382513,41.79993702,UNO Charter - Rufino Tamayo,"(-87.69382513, 41.79993702)",2,NA,Charter,NA,NA,NA,NA,0,0,0,Charter
199,-87.69327474,41.81309752,UNO Charter 15 ES,"(-87.69327474, 41.81309752)",2,NA,Charter,NA,NA,NA,NA,0,0,0,Charter
200,-87.69303861,41.77098817,Catalyst-Maria Charter School,"(-87.69303861, 41.77098817)",2,NA,Charter,NA,NA,NA,NA,0,0,0,Charter
202,-87.69265107,41.74536617,Chicago Intl Charter - Wrightwood,"(-87.69265107, 41.74536617)",2,NA,Charter,NA,NA,NA,NA,0,0,0,Charter
203,-87.69251467,41.85000849,UNO Charter - Octavio Paz Campus,"(-87.69251467, 41.85000849)",2,NA,Charter,NA,NA,NA,NA,0,0,0,Charter
211,-87.68992811,41.90037072,UNO Charter Elementary School St Marks,"(-87.68992811, 41.90037072)",2,NA,Charter,NA,NA,NA,NA,0,0,0,Charter
218,-87.68631142,41.87488571,LEARN Charter ES - Excel,"(-87.68631142, 41.87488571)",2,NA,Charter,NA,NA,NA,NA,0,0,0,Charter
226,-87.68444132,42.01646447,UNO Charter - Rogers Park ES,"(-87.68444132, 42.01646447)",2,NA,Charter,NA,NA,NA,NA,0,0,0,Charter
235,-87.68132064,41.92239845,Chicago Intl Charter - Bucktown,"(-87.68132064, 41.92239845)",2,NA,Charter,NA,NA,NA,NA,0,0,0,Charter
266,-87.6711545,41.98334408,Asian Human Services - Passages Charter School,"(-87.6711545, 41.98334408)",2,NA,Charter,NA,NA,NA,NA,0,0,0,Charter
271,-87.67023496,41.79407037,Chicago Intl Charter - Basil,"(-87.67023496, 41.79407037)",2,NA,Charter,NA,NA,NA,NA,0,0,0,Charter
284,-87.66807949,41.88338944,Hope Institute Learning Academy,"(-87.66807949, 41.88338944)",2,NA,Charter,NA,NA,NA,NA,0,0,0,Charter
285,-87.66794196,41.85947665,UNO Charter - Bartolome de Las Casas,"(-87.66794196, 41.85947665)",2,NA,Charter,NA,NA,NA,NA,0,0,0,Charter
287,-87.667687,41.82569,Namaste Charter Elementary School,"(-87.667687, 41.82569)",2,NA,Charter,NA,NA,NA,NA,0,0,0,Charter
288,-87.66767589,41.76739834,Betty Shabazz Intl Charter - Barbara A Sizemore,"(-87.66767589, 41.76739834)",2,NA,Charter,NA,NA,NA,NA,0,0,0,Charter
294,-87.66574597,41.7431489,LEARN Charter School - Hunter Perkins,"(-87.66574597, 41.7431489)",2,NA,Charter,NA,NA,NA,NA,0,0,0,Charter
300,-87.66410941,41.90780404,Rowe Elementary School,"(-87.66410941, 41.90780404)",2,NA,Charter,NA,NA,NA,NA,0,0,0,Charter
301,-87.66395861,41.77534915,Providence Englewood Charter - Bunche,"(-87.66395861, 41.77534915)",2,NA,Charter,NA,NA,NA,NA,0,0,0,Charter
317,-87.65752453,41.72025066,Chicago Intl Charter - Loomis Primary,"(-87.65752453, 41.72025066)",2,NA,Charter,NA,NA,NA,NA,0,0,0,Charter
358,-87.64134488,41.79355292,KIPP Charter Bloom,"(-87.64134488, 41.79355292)",2,NA,Charter,NA,NA,NA,NA,0,0,0,Charter
394,-87.62663448,41.81930389,Bronzeville Lighthouse Charter Elementary School,"(-87.62663448, 41.81930389)",2,NA,Charter,NA,NA,NA,NA,0,0,0,Charter
401,-87.62203124,41.78359459,Chicago Intl Charter - Washington Park,"(-87.62203124, 41.78359459)",2,NA,Charter,NA,NA,NA,NA,0,0,0,Charter
409,-87.61800463,41.67932393,Chicago Charter Collegiate HS,"(-87.61800463, 41.67932393)",2,NA,Charter,NA,NA,NA,NA,0,0,0,Charter
412,-87.61692508,41.68444316,Chicago Intl Charter - Prairie,"(-87.61692508, 41.68444316)",2,NA,Charter,NA,NA,NA,NA,0,0,0,Charter
424,-87.60847172,41.82770517,University of Chicago Charter - Donoghue,"(-87.60847172, 41.82770517)",2,NA,Charter,NA,NA,NA,NA,0,0,0,Charter
426,-87.60843635,41.81363262,University of Chicago Charter - Carter G Woodson,"(-87.60843635, 41.81363262)",2,NA,Charter,NA,NA,NA,NA,0,0,0,Charter
432,-87.60507067,41.6536366,Chicago Intl Charter - Lloyd Bond,"(-87.60507067, 41.6536366)",2,NA,Charter,NA,NA,NA,NA,0,0,0,Charter
438,-87.60021772,41.75245012,Betty Shabazz Intl Charter,"(-87.60021772, 41.75245012)",2,NA,Charter,NA,NA,NA,NA,0,0,0,Charter
457,-87.58788286,41.74315245,Chicago Intl Charter - Avalon / South Shore,"(-87.58788286, 41.74315245)",2,NA,Charter,NA,NA,NA,NA,0,0,0,Charter
163,-87.70465502,42.00930696,Stephen Decatur Classical Elementary School,"(-87.70465502, 42.00930696)",2,Stephen Decatur Classical Elementary School,Classical,General,93.6,93.6,0,0,1,1,MagTest
308,-87.65937102,41.87913069,Mark Skinner Elementary School,"(-87.65937102, 41.87913069)",2,NA,Classical,NA,NA,NA,NA,0,1,1,MagTest
353,-87.64483441,41.9051367,Skinner North Classical School,"(-87.64483441, 41.9051367)",2,Skinner North,Classical,General,100,100,0,0,1,1,MagTest
406,-87.61917677,41.73451387,James E McDade Elementary Classical School,"(-87.61917677, 41.73451387)",2,James E McDade Elementary Classical School,Classical,General,73.3,74.1,0,0,1,1,MagTest
431,-87.60645552,41.70261965,Edgar Allan Poe Elementary Classical School,"(-87.60645552, 41.70261965)",2,Edgar Allan Poe Elementary Classical School,Classical,General,78.8,79.6,0,0,1,1,MagTest
24,-87.77837089,42.00747007,Wildwood Elementary School,"(-87.77837089, 42.00747007)",2,Wildwood Elementary School,Magnet,IB,52.9,33.2,0,1,1,0,Magnet
25,-87.77764028,41.94859865,Ole A Thorp Elementary Scholastic Academy,"(-87.77764028, 41.94859865)",2,Ole A Thorp Elementary Scholastic Academy,Magnet,STEM,48.8,38.7,0,1,1,0,Magnet
80,-87.73060545,41.95048055,Disney II Magnet School,"(-87.73060545, 41.95048055)",2,Disney II Magnet School,Magnet,General,57.8,52,0,1,1,0,Magnet
89,-87.72631742,41.86695871,Frazier Prospective IB Magnet ES,"(-87.72631742, 41.86695871)",2,Frazier Prospective IB Magnet Elementary School,Magnet,IB,37.6,25.4,0,1,1,0,Magnet
90,-87.72631742,41.86695871,Frazier Preparatory Academy Elementary School,"(-87.72631742, 41.86695871)",2,Frazier Prospective IB Magnet Elementary School,Magnet,IB,37.6,25.4,0,1,1,0,Magnet
121,-87.71584573,41.87576191,Leif Ericson Elementary Scholastic Academy,"(-87.71584573, 41.87576191)",2,Leif Ericson Elementary Scholastic Academy,Magnet,STEM,13.3,7.7,0,1,1,0,Magnet
155,-87.70571301,41.74287191,William Bishop Owen Scholastic Academy ES,"(-87.70571301, 41.74287191)",2,William Bishop Owen Scholastic Academy Elementary School,Magnet,General,28.4,29,0,1,1,0,Magnet
168,-87.70224149,41.87384239,Jensen Elementary Scholastic Academy,"(-87.70224149, 41.87384239)",2,Jensen Elementary Scholastic Academy,Magnet,STEM,20.2,11.7,0,1,1,0,Magnet
175,-87.70022859,41.8218786,Nathan S Davis Elementary School,"(-87.70022859, 41.8218786)",2,Nathan S Davis Elementary School,Magnet,STEM,16.2,9.2,0,1,1,0,Magnet
177,-87.69940042,41.81299531,Frank W Gunsaulus Elementary Scholastic Academy,"(-87.69940042, 41.81299531)",2,Frank W Gunsaulus Elementary Scholastic Academy,Magnet,General,24,18.1,0,1,1,0,Magnet
184,-87.69728712,41.84796859,Maria Saucedo Elementary Scholastic Academy,"(-87.69728712, 41.84796859)",2,Maria Saucedo Elementary Scholastic Academy,Magnet,STEM,24.3,16,0,1,1,0,Magnet
224,-87.68475636,41.99536777,Stone Elementary Scholastic Academy,"(-87.68475636, 41.99536777)",2,Stone Elementary Scholastic Academy,Magnet,STEM,45.7,44.7,0,1,1,0,Magnet
233,-87.68304259,41.90684338,Albert R Sabin Elementary Magnet School,"(-87.68304259, 41.90684338)",2,Albert R Sabin Elementary Magnet School,Magnet,IB,18,12.8,0,1,1,0,Magnet
244,-87.67764871,41.88324176,Suder Montessori Magnet ES,"(-87.67764871, 41.88324176)",2,Suder Montessori Magnet Elementary School,Magnet,Montessori,40.7,29.2,0,1,1,0,Magnet
249,-87.67600175,41.76059741,Asa Philip Randolph Elementary School,"(-87.67600175, 41.76059741)",2,Asa Philip Randolph Elementary School,Magnet,General,13.8,4.5,0,1,1,0,Magnet
255,-87.67449563,41.91588634,Thomas Drummond Elementary School,"(-87.67449563, 41.91588634)",2,Thomas Drummond Elementary School,Magnet,Montessori,34,34,0,1,1,0,Magnet
256,-87.67373263,41.90290876,LaSalle II Magnet Elementary School,"(-87.67373263, 41.90290876)",2,LaSalle II Magnet Elementary School,Magnet,Language,33.8,38,0,1,1,0,Magnet
290,-87.66656657,41.77122181,Sir Miles Davis Magnet Elementary Academy,"(-87.66656657, 41.77122181)",2,Sir Miles Davis Magnet Elementary Academy,Magnet,STEM,5.9,3.2,0,1,1,0,Magnet
295,-87.66558526,41.72078152,John H Vanderpoel Elementary Magnet School,"(-87.66558526, 41.72078152)",2,John H Vanderpoel Elementary Magnet School,Magnet,Arts,17.7,24.1,0,1,1,0,Magnet
298,-87.66496329,41.86860344,STEM Magnet Academy,"(-87.66496329, 41.86860344)",2,NA,Magnet,NA,NA,NA,0,1,1,0,Magnet
305,-87.66097599,41.87432724,Andrew Jackson Elementary Language Academy,"(-87.66097599, 41.87432724)",2,Andrew Jackson Elementary Language Academy,Magnet,Language,70.4,62.7,0,1,1,0,Magnet
316,-87.65767253,41.94228994,Hawthorne Elementary Scholastic Academy,"(-87.65767253, 41.94228994)",2,Hawthorne Elementary Scholastic Academy,Magnet,Arts,75.1,66,0,1,1,0,Magnet
318,-87.65732331,41.92317657,Oscar F Mayer Elementary School,"(-87.65732331, 41.92317657)",2,Oscar F Mayer Elementary School,Magnet,Montessori,18.1,17,0,1,1,0,Magnet
327,-87.65347031,41.86532347,John M Smyth Elementary School,"(-87.65347031, 41.86532347)",2,John M Smyth Elementary School,Magnet,IB,6.3,3.2,0,1,1,0,Magnet
328,-87.65340205,41.87124634,Galileo Math & Science Scholastic Academy ES,"(-87.65340205, 41.87124634)",2,Galileo Math & Science Scholastic Academy Elementary School,Magnet,STEM,26.5,22.3,0,1,1,0,Magnet
332,-87.65153745,41.94897646,Inter-American Elementary Magnet School,"(-87.65153745, 41.94897646)",2,Inter-American Elementary Magnet School,Magnet,Language,27.6,21.3,0,1,1,0,Magnet
348,-87.6461175,41.95680712,Walt Disney Magnet Elementary School,"(-87.6461175, 41.95680712)",2,Walt Disney Magnet Elementary School,Magnet,General,46,35.7,0,1,1,0,Magnet
349,-87.64601501,41.91397435,Walter L Newberry Math & Science Academy ES,"(-87.64601501, 41.91397435)",2,Walter L Newberry Math & Science Academy Elementary School,Magnet,STEM,46.2,35.9,0,1,1,0,Magnet
360,-87.64131399,41.84437293,Mark Sheridan Elementary Math & Science Academy,"(-87.64131399, 41.84437293)",2,Mark Sheridan Elementary Math & Science Academy,Magnet,STEM,47.2,38.3,0,1,1,0,Magnet
363,-87.64092929,41.77647883,Joshua D Kershaw Elementary School,"(-87.64092929, 41.77647883)",2,Joshua D Kershaw Elementary School,Magnet,IB,22.3,16.2,0,1,1,0,Magnet
372,-87.63760107,41.9138823,LaSalle Elementary Language Academy,"(-87.63760107, 41.9138823)",2,LaSalle Elementary Language Academy,Magnet,Language,55.5,49.5,0,1,1,0,Magnet
374,-87.6355136,41.90657253,Franklin Elementary Fine Arts Center,"(-87.6355136, 41.90657253)",2,Franklin Elementary Fine Arts Center,Magnet,Arts,55.1,50.2,0,1,1,0,Magnet
385,-87.6302048,41.72560849,Turner-Drew Elementary Language Academy,"(-87.6302048, 41.72560849)",2,Turner-Drew Elementary Language Academy,Magnet,Language,24.2,23.2,0,1,1,0,Magnet
407,-87.61837372,41.83649005,John J Pershing Elementary Humanities Magnet,"(-87.61837372, 41.83649005)",2,NA,Magnet,NA,NA,NA,NA,1,1,0,Magnet
428,-87.60747108,41.72850759,Burnside Elementary Scholastic Academy,"(-87.60747108, 41.72850759)",2,Burnside Elementary Scholastic Academy,Magnet,General,15.5,14.3,0,1,1,0,Magnet
449,-87.59330352,41.79852501,Phillip Murray Elementary Language Academy,"(-87.59330352, 41.79852501)",2,Phillip Murray Elementary Language Academy,Magnet,Language,35,36,0,1,1,0,Magnet
462,-87.57660534,41.72965645,Robert A Black Magnet Elementary School,"(-87.57660534, 41.72965645)",2,Robert A Black Magnet Elementary School,Magnet,STEM,20.1,21,0,1,1,0,Magnet
482,-87.53513861,41.70682232,Matthew Gallistel Elementary Language Academy,"(-87.53513861, 41.70682232)",2,Matthew Gallistel Elementary Language Academy,Magnet,Language,17.8,12.9,0,1,1,0,Magnet
7,-87.81116435,42.00443557,Christian Ebinger Elementary School,"(-87.81116435, 42.00443557)",2,Christian Ebinger Elementary School,Magnet Cluster,Arts,50.6,40.2,0,1,1,0,Magnet Cluster
8,-87.80299207,41.98818136,Norwood Park Elementary School,"(-87.80299207, 41.98818136)",2,Norwood Park Elementary School,Magnet Cluster,Language,50.5,39,0,1,1,0,Magnet Cluster
9,-87.79875667,41.9141236,Harriet E Sayre Elementary Language Academy,"(-87.79875667, 41.9141236)",2,Harriet E Sayre Elementary Language Academy,Magnet Cluster,Language,19.6,17.3,0,1,1,0,Magnet Cluster
31,-87.77038158,41.8678323,George Rogers Clark Elementary School,"(-87.77038158, 41.8678323)",2,George Rogers Clark Elementary School,Magnet Cluster,Arts,22,15.3,0,1,1,0,Magnet Cluster
32,-87.77016525,41.93496641,Marvin Camras Elementary School,"(-87.77016525, 41.93496641)",2,Marvin Camras Elementary School,Magnet Cluster,STEM,11.2,12,0,1,1,0,Magnet Cluster
36,-87.7662615,41.87799914,Oscar DePriest Elementary School,"(-87.7662615, 41.87799914)",2,Oscar DePriest Elementary School,Magnet Cluster,STEM,4.8,9.8,0,1,1,0,Magnet Cluster
39,-87.76564297,41.89767761,Milton Brunson Math & Science Specialty ES,"(-87.76564297, 41.89767761)",2,Milton Brunson Math & Science Specialty Elementary School STEM,Magnet Cluster,STEM,8.8,5.4,0,1,1,0,Magnet Cluster
55,-87.75048169,41.88488257,Spencer Technology Academy,"(-87.75048169, 41.88488257)",2,Spencer Technology Academy,Magnet Cluster,STEM,10.7,11,0,1,1,0,Magnet Cluster
68,-87.73583687,41.87863685,Helen M Hefferan Elementary School,"(-87.73583687, 41.87863685)",2,Helen M Hefferan Elementary School,Magnet Cluster,STEM,25.6,19.2,0,1,1,0,Magnet Cluster
71,-87.73355414,41.87084922,Charles Sumner  Math & Science Community Acad ES,"(-87.73355414, 41.87084922)",2,Charles Sumner  Math & Science Community Acad Elementary School,Magnet Cluster,STEM,13.1,9.7,0,1,1,0,Magnet Cluster
81,-87.73052949,41.88409703,George W Tilton Elementary School,"(-87.73052949, 41.88409703)",2,George W Tilton Elementary School,Magnet Cluster,STEM,10,3.5,0,1,1,0,Magnet Cluster
91,-87.72581893,41.80552325,Richard Edwards Elementary School,"(-87.72581893, 41.80552325)",2,Richard Edwards Elementary School,Magnet Cluster,Arts,17.6,11.4,0,1,1,0,Magnet Cluster
109,-87.71921246,41.92996135,James Monroe Elementary School,"(-87.71921246, 41.92996135)",2,James Monroe Elementary School,Magnet Cluster,Language,15.5,11.6,0,1,1,0,Magnet Cluster
119,-87.71682949,41.95005034,John B Murphy Elementary School,"(-87.71682949, 41.95005034)",2,John B Murphy Elementary School,Magnet Cluster,Arts,22,20.7,0,1,1,0,Magnet Cluster
122,-87.71574626,41.85885599,Dvorak Technology Academy,"(-87.71574626, 41.85885599)",2,Dvorak Technology Academy,Magnet Cluster,STEM,11,10.4,0,1,1,0,Magnet Cluster
126,-87.7132855,41.91196584,Harriet Beecher Stowe Elementary School,"(-87.7132855, 41.91196584)",2,Harriet Beecher Stowe Elementary School,Magnet Cluster,Arts,3.1,2.5,0,1,1,0,Magnet Cluster
129,-87.7125068,41.85266155,Crown Community Academy of Fine Arts Center ES,"(-87.7125068, 41.85266155)",2,Crown Community Academy of Fine Arts Center Elementary School,Magnet Cluster,Arts,3.9,8.8,0,1,1,0,Magnet Cluster
141,-87.70875287,41.75348432,Lionel Hampton Fine & Performing Arts ES,"(-87.70875287, 41.75348432)",2,Lionel Hampton Fine & Performing Arts Elementary School,Magnet Cluster,Arts,9.4,9.4,0,1,1,0,Magnet Cluster
151,-87.706336,41.84224508,Cyrus H McCormick Elementary School,"(-87.706336, 41.84224508)",2,Cyrus H McCormick Elementary School,Magnet Cluster,Language,25.2,10.3,0,1,1,0,Magnet Cluster
156,-87.70543099,41.92334998,Charles R Darwin Elementary School,"(-87.70543099, 41.92334998)",2,Charles R Darwin Elementary School,Magnet Cluster,Language,16,6.9,0,1,1,0,Magnet Cluster
172,-87.70078311,41.87119309,Joseph Kellman Corporate Community ES,"(-87.70078311, 41.87119309)",2,Joseph Kellman Corporate Community Elementary School,Magnet Cluster,STEM,13.3,10.5,0,1,1,0,Magnet Cluster
179,-87.69912725,41.84815451,John Spry Elementary Community School,"(-87.69912725, 41.84815451)",2,John Spry Elementary Community School,Magnet Cluster,Arts,17.9,7.3,0,1,1,0,Magnet Cluster
182,-87.69750011,42.00343519,Daniel Boone Elementary School,"(-87.69750011, 42.00343519)",2,Daniel Boone Elementary School,Magnet Cluster,Arts,22,17.6,0,1,1,0,Magnet Cluster
189,-87.6966316,41.84797834,Telpochcalli Elementary School,"(-87.6966316, 41.84797834)",2,Telpochcalli Elementary School,Magnet Cluster,Language,8.4,7.3,0,1,1,0,Magnet Cluster
195,-87.69454144,41.91801539,Salmon P Chase Elementary School,"(-87.69454144, 41.91801539)",2,Salmon P Chase Elementary School,Magnet Cluster,Language,17.1,11,0,1,1,0,Magnet Cluster
209,-87.69136881,41.96434835,Thomas J Waters Elementary School,"(-87.69136881, 41.96434835)",2,Thomas J Waters Elementary School,Magnet Cluster,Arts,27.2,28.5,0,1,1,0,Magnet Cluster
231,-87.68325438,41.975867,Eliza Chappell Elementary School,"(-87.68325438, 41.975867)",2,Eliza Chappell Elementary School,Magnet Cluster,Language,19.6,17.6,0,1,1,0,Magnet Cluster
238,-87.68107885,41.94509808,John J Audubon Elementary School,"(-87.68107885, 41.94509808)",2,John J Audubon Elementary School,Magnet Cluster,STEM,45.3,34.8,0,1,1,0,Magnet Cluster
239,-87.6808619,41.69305404,Henry R Clissold Elementary School,"(-87.6808619, 41.69305404)",2,Henry R Clissold Elementary School,Magnet Cluster,IB,27.7,26.7,0,1,1,0,Magnet Cluster
240,-87.68078114,41.84809742,Irma C Ruiz Elementary School,"(-87.68078114, 41.84809742)",2,Irma C Ruiz Elementary School,Magnet Cluster,Arts,10.7,12.8,0,1,1,0,Magnet Cluster
250,-87.67577282,41.93924404,Friedrich Ludwig Jahn Elementary School,"(-87.67577282, 41.93924404)",2,Friedrich Ludwig Jahn Elementary School,Magnet Cluster,Language,23.9,15.2,0,1,1,0,Magnet Cluster
252,-87.67519253,41.85778248,Orozco Fine Arts & Sciences Elementary School,"(-87.67519253, 41.85778248)",2,Orozco Fine Arts & Sciences Elementary School,Magnet Cluster,Arts,30.2,17.4,0,1,1,0,Magnet Cluster
257,-87.67370499,41.89243235,Mancel Talcott Elementary School,"(-87.67370499, 41.89243235)",2,Mancel Talcott Elementary School,Magnet Cluster,Arts,25.6,20.8,0,1,1,0,Magnet Cluster
258,-87.67342126,41.85050786,John Greenleaf Whittier Elementary School,"(-87.67342126, 41.85050786)",2,John Greenleaf Whittier Elementary School,Magnet Cluster,Language,6.3,3.9,0,1,1,0,Magnet Cluster
259,-87.67329121,41.80713406,James Hedges Elementary School,"(-87.67329121, 41.80713406)",2,James Hedges Elementary School,Magnet Cluster,Arts,12.6,6.8,0,1,1,0,Magnet Cluster
268,-87.67095905,41.96074129,Ravenswood Elementary School,"(-87.67095905, 41.96074129)",2,Ravenswood Elementary School,Magnet Cluster,Arts,18.9,13.7,0,1,1,0,Magnet Cluster
269,-87.67085683,41.94524725,Alexander Hamilton Elementary School,"(-87.67085683, 41.94524725)",2,Alexander Hamilton Elementary School,Magnet Cluster,Arts,13.8,21.3,0,1,1,0,Magnet Cluster
270,-87.67071879,41.88298698,William H Brown Elementary School,"(-87.67071879, 41.88298698)",2,William H Brown Elementary School,Magnet Cluster,STEM,10.2,3.2,0,1,1,0,Magnet Cluster
273,-87.66985204,41.93796493,Augustus H Burley Elementary School,"(-87.66985204, 41.93796493)",2,Augustus H Burley Elementary School,Magnet Cluster,STEM,54.2,53.3,0,1,1,0,Magnet Cluster
279,-87.66864691,41.91233061,Jonathan Burr Elementary School,"(-87.66864691, 41.91233061)",2,Jonathan Burr Elementary School,Magnet Cluster,Language,29.1,22.2,0,1,1,0,Magnet Cluster
283,-87.66813597,41.7384262,Foster Park Elementary School,"(-87.66813597, 41.7384262)",2,Foster Park Elementary School,Magnet Cluster,Arts,8,5.7,0,1,1,0,Magnet Cluster
296,-87.66538928,41.89179703,James Otis Elementary School,"(-87.66538928, 41.89179703)",2,James Otis Elementary School,Magnet Cluster,Language,21.8,11.1,0,1,1,0,Magnet Cluster
297,-87.66505758,41.90891372,Rodolfo Lozano Bilingual & International Ctr ES,"(-87.66505758, 41.90891372)",2,Rodolfo Lozano Bilingual & International Center Elementary School,Magnet Cluster,Language,9.3,11.3,0,1,1,0,Magnet Cluster
299,-87.66495825,41.95080812,James G Blaine Elementary School,"(-87.66495825, 41.95080812)",2,James G Blaine Elementary School,Magnet Cluster,Arts,61.3,50.1,0,1,1,0,Magnet Cluster
310,-87.65833342,41.98915734,George B Swift Elementary Specialty School,"(-87.65833342, 41.98915734)",2,George B Swift Elementary Specialty School,Magnet Cluster,Arts,25.4,16.2,0,1,1,0,Magnet Cluster
314,-87.6579887,41.85600113,Manuel Perez Elementary School,"(-87.6579887, 41.85600113)",2,Manuel Perez Elementary School,Magnet Cluster,Arts,14.8,8.7,0,1,1,0,Magnet Cluster
315,-87.65794915,41.97581137,William C Goudy Elementary School,"(-87.65794915, 41.97581137)",2,William C Goudy Elementary School,Magnet Cluster,STEM,30.8,23.6,0,1,1,0,Magnet Cluster
320,-87.65619167,41.93412004,Louis A Agassiz Elementary School,"(-87.65619167, 41.93412004)",2,Louis A Agassiz Elementary School,Magnet Cluster,Arts,27.5,27.5,0,1,1,0,Magnet Cluster
321,-87.65544435,41.72966698,Fort Dearborn Elementary School,"(-87.65544435, 41.72966698)",2,Fort Dearborn Elementary School,Magnet Cluster,Arts,25.2,14.1,0,1,1,0,Magnet Cluster
324,-87.65380002,41.83805473,Charles N Holden Elementary School,"(-87.65380002, 41.83805473)",2,Charles N Holden Elementary School,Magnet Cluster,Arts,16.7,11.5,0,1,1,0,Magnet Cluster
333,-87.65097549,41.95283701,Horace Greeley Elementary School,"(-87.65097549, 41.95283701)",2,Horace Greeley Elementary School,Magnet Cluster,Language,26.9,16.3,0,1,1,0,Magnet Cluster
338,-87.64971223,41.95997841,Joseph Brennemann Elementary School,"(-87.64971223, 41.95997841)",2,Joseph Brennemann Elementary School,Magnet Cluster,Arts,18.1,10.9,0,1,1,0,Magnet Cluster
344,-87.64748868,41.7849277,Nicholson Technology Academy,"(-87.64748868, 41.7849277)",2,Nicholson Technology Academy,Magnet Cluster,STEM,22.6,8.9,0,1,1,0,Magnet Cluster
345,-87.64702985,41.68100687,Thomas J Higgins Elementary Community Academy,"(-87.64702985, 41.68100687)",2,Thomas J Higgins Elementary Community Academy,Magnet Cluster,Arts,19.1,9.8,0,1,1,0,Magnet Cluster
354,-87.64459776,41.94162999,Louis Nettelhorst Elementary School,"(-87.64459776, 41.94162999)",2,Louis Nettelhorst Elementary School,Magnet Cluster,Arts,38.2,42.4,0,1,1,0,Magnet Cluster
357,-87.642615,41.7956493,Dewey Elementary Academy of Fine Arts,"(-87.642615, 41.7956493)",2,Dewey Elementary Academy of Fine Arts,Magnet Cluster,Arts,3.3,0.5,0,1,1,0,Magnet Cluster
362,-87.64101894,41.90205805,Edward Jenner Elementary Academy of the Arts,"(-87.64101894, 41.90205805)",2,Edward Jenner Elementary Academy of the Arts,Magnet Cluster,Arts,8.2,1.3,0,1,1,0,Magnet Cluster
366,-87.63993763,41.69651565,Dunne Technology Academy,"(-87.63993763, 41.69651565)",2,Dunne Technology Academy,Magnet Cluster,STEM,24.7,17.2,0,1,1,0,Magnet Cluster
368,-87.63948475,41.72365391,Rudyard Kipling Elementary School,"(-87.63948475, 41.72365391)",2,Rudyard Kipling Elementary School,Magnet Cluster,Arts,20.9,21.2,0,1,1,0,Magnet Cluster
369,-87.63926881,41.7156643,Medgar Evers Elementary School,"(-87.63926881, 41.7156643)",2,Medgar Evers Elementary School,Magnet Cluster,Arts,17.3,14.8,0,1,1,0,Magnet Cluster
370,-87.63892027,41.66484509,Ronald Brown Elementary Community Academy,"(-87.63892027, 41.66484509)",2,Ronald Brown Elementary Community Academy,Magnet Cluster,Arts,13.4,12.5,0,1,1,0,Magnet Cluster
375,-87.63531815,41.84395162,James Ward Elementary School,"(-87.63531815, 41.84395162)",2,James Ward Elementary School,Magnet Cluster,Language,51.1,23.8,0,1,1,0,Magnet Cluster
379,-87.63378596,41.84993116,John Charles Haines Elementary School,"(-87.63378596, 41.84993116)",2,John Charles Haines Elementary School,Magnet Cluster,STEM,45,25.7,0,1,1,0,Magnet Cluster
382,-87.63359476,41.68663682,Alex Haley Elementary Academy,"(-87.63359476, 41.68663682)",2,Alex Haley Elementary Academy,Magnet Cluster,Arts,11.6,1.9,0,1,1,0,Magnet Cluster
386,-87.62985093,41.70536999,Langston Hughes Elementary School,"(-87.62985093, 41.70536999)",2,Langston Hughes Elementary School,Magnet Cluster,Language,8.2,6.1,0,1,1,0,Magnet Cluster
397,-87.62368165,41.72529635,Frank L Gillespie Elementary School,"(-87.62368165, 41.72529635)",2,Frank L Gillespie Elementary School,Magnet Cluster,STEM,7.6,5.6,0,1,1,0,Magnet Cluster
399,-87.62258098,41.67058298,Samuel Gompers Fine Arts Options ES,"(-87.62258098, 41.67058298)",2,Samuel Gompers Fine Arts Options Elementary School,Magnet Cluster,Arts,13.5,8.5,0,1,1,0,Magnet Cluster
415,-87.61434156,41.65376037,William E B Dubois Elementary School,"(-87.61434156, 41.65376037)",2,William E B Dubois Elementary School,Magnet Cluster,Language,7.9,5,0,1,1,0,Magnet Cluster
427,-87.60792289,41.74036711,John T Pirie Fine Arts & Academic Center ES,"(-87.60792289, 41.74036711)",2,John T Pirie Fine Arts & Academic Center Elementary School,Magnet Cluster,Arts,10.7,20.9,0,1,1,0,Magnet Cluster
440,-87.59952683,41.65367428,George Washington Carver Primary School,"(-87.59952683, 41.65367428)",2,George Washington Carver Primary School,Magnet Cluster,Arts,9.4,8,0,1,1,0,Magnet Cluster
445,-87.59629327,41.72853492,Harold Washington Elementary School,"(-87.59629327, 41.72853492)",2,Harold Washington Elementary School,Magnet Cluster,Arts,16,13.1,0,1,1,0,Magnet Cluster
446,-87.59471544,41.79234967,William H Ray Elementary School,"(-87.59471544, 41.79234967)",2,William H Ray Elementary School,Magnet Cluster,Language,31.8,35.2,0,1,1,0,Magnet Cluster
450,-87.59161761,41.74826636,Avalon Park Elementary School,"(-87.59161761, 41.74826636)",2,Avalon Park Elementary School,Magnet Cluster,Arts,7.9,5.1,0,1,1,0,Magnet Cluster
452,-87.59067582,41.75955224,James Madison Elementary School,"(-87.59067582, 41.75955224)",2,James Madison Elementary School,Magnet Cluster,Arts,14.1,5.1,0,1,1,0,Magnet Cluster
469,-87.56593332,41.74142687,Edward Coles Elementary Language Academy,"(-87.56593332, 41.74142687)",2,Edward Coles Elementary Language Academy,Magnet Cluster,Language,16.7,5.7,0,1,1,0,Magnet Cluster
473,-87.55334334,41.66245712,Virgil Grissom Elementary School,"(-87.55334334, 41.66245712)",2,Virgil Grissom Elementary School,Magnet Cluster,Arts,22,17.7,0,1,1,0,Magnet Cluster
474,-87.55282373,41.73168217,Arnold Mireles Elementary Academy,"(-87.55282373, 41.73168217)",2,Arnold Mireles Elementary Academy,Magnet Cluster,Language,7.6,5.4,0,1,1,0,Magnet Cluster
480,-87.542891,41.7438302,William K New Sullivan Elementary School,"(-87.542891, 41.7438302)",2,William K New Sullivan Elementary School,Magnet Cluster,Arts,2.9,5.8,0,1,1,0,Magnet Cluster
1,-87.84105162,41.97368728,Everett McKinley Dirksen Elementary School,"(-87.84105162, 41.97368728)",2,Everett McKinley Dirksen Elementary School,Open Enrollment,General,32.8,25.5,0,0,0,0,Open Enrollment
2,-87.8293319,41.94799245,Arthur E Canty Elementary School,"(-87.8293319, 41.94799245)",2,Arthur E Canty Elementary School,Open Enrollment,General,47.4,34.2,0,0,0,0,Open Enrollment
4,-87.81380814,41.99422812,Edison Park Elementary School,"(-87.81380814, 41.99422812)",2,Edison Park Elementary School,Open Enrollment,General,27.7,32.6,0,0,0,0,Open Enrollment
5,-87.813168,41.94254335,William E Dever Elementary School,"(-87.813168, 41.94254335)",2,William E Dever Elementary School,Open Enrollment,General,31.5,27.9,0,0,0,0,Open Enrollment
6,-87.81209057,41.97851501,Oriole Park Elementary School,"(-87.81209057, 41.97851501)",2,Oriole Park Elementary School,Open Enrollment,General,75.1,54.7,0,0,0,0,Open Enrollment
10,-87.79870722,41.94915063,Norman A Bridge Elementary School,"(-87.79870722, 41.94915063)",2,Norman A Bridge Elementary School,Open Enrollment,General,27.8,18.9,0,0,0,0,Open Enrollment
11,-87.79619832,41.97635262,John W Garvy Elementary School,"(-87.79619832, 41.97635262)",2,John W Garvy Elementary School,Open Enrollment,General,34.4,33.5,0,0,0,0,Open Enrollment
12,-87.79564085,41.93176301,Josephine C Locke Elementary School,"(-87.79564085, 41.93176301)",2,Josephine C Locke Elementary School,Open Enrollment,General,21.1,15.6,0,0,0,0,Open Enrollment
13,-87.79308113,41.99381787,William J Onahan Elementary School,"(-87.79308113, 41.99381787)",2,William J Onahan Elementary School,Open Enrollment,General,35.1,29.6,0,0,0,0,Open Enrollment
14,-87.79150778,41.79503029,Michael M Byrne Elementary School,"(-87.79150778, 41.79503029)",2,Michael M Byrne Elementary School,Open Enrollment,General,23.1,24.8,0,0,0,0,Open Enrollment
18,-87.78764009,41.78092716,John C Dore Elementary School,"(-87.78764009, 41.78092716)",2,John C Dore Elementary School,Open Enrollment,General,43.8,25.3,0,0,0,0,Open Enrollment
19,-87.78393402,41.91269042,Joseph Lovett Elementary School,"(-87.78393402, 41.91269042)",2,Joseph Lovett Elementary School,Open Enrollment,General,9.1,8.3,0,0,0,0,Open Enrollment
20,-87.78266267,41.91759334,Luther Burbank Elementary School,"(-87.78266267, 41.91759334)",2,Luther Burbank Elementary School,Open Enrollment,General,20.6,11.3,0,0,0,0,Open Enrollment
21,-87.78201198,41.95889037,Washington D Smyser Elementary School,"(-87.78201198, 41.95889037)",2,Washington D Smyser Elementary School,Open Enrollment,General,36.5,27.5,0,0,0,0,Open Enrollment
22,-87.7791043,41.78970398,John H Kinzie Elementary School,"(-87.7791043, 41.78970398)",2,John H Kinzie Elementary School,Open Enrollment,General,32.6,19.7,0,0,0,0,Open Enrollment
23,-87.77908614,41.98367756,Rufus M Hitch Elementary School,"(-87.77908614, 41.98367756)",2,Rufus M Hitch Elementary School,Open Enrollment,General,29.5,24.7,0,0,0,0,Open Enrollment
26,-87.77713699,41.93417898,Mary Lyon Elementary School,"(-87.77713699, 41.93417898)",2,Mary Lyon Elementary School,Open Enrollment,General,29.5,23.7,0,0,0,0,Open Enrollment
28,-87.77661589,41.78020486,Nathan Hale Elementary School,"(-87.77661589, 41.78020486)",2,Nathan Hale Elementary School,Open Enrollment,General,19.3,15.6,0,0,0,0,Open Enrollment
30,-87.77245066,41.96561054,Ernst Prussing Elementary School,"(-87.77245066, 41.96561054)",2,Ernst Prussing Elementary School,Open Enrollment,General,31.4,24.5,0,0,0,0,Open Enrollment
33,-87.76894541,41.94300407,Peter A Reinberg Elementary School,"(-87.76894541, 41.94300407)",2,Peter A Reinberg Elementary School,Open Enrollment,General,24,14.7,0,0,0,0,Open Enrollment
34,-87.76717934,41.90678358,Ella Flagg Young Elementary School,"(-87.76717934, 41.90678358)",2,Ella Flagg Young Elementary School,Open Enrollment,General,9.1,8,0,0,0,0,Open Enrollment
35,-87.76655157,41.885506,Edward K Ellington Elementary School,"(-87.76655157, 41.885506)",2,Edward K Ellington Elementary School,Open Enrollment,General,16.1,8,0,0,0,0,Open Enrollment
37,-87.76610809,41.9798092,James B Farnsworth Elementary School,"(-87.76610809, 41.9798092)",2,James B Farnsworth Elementary School,Open Enrollment,General,30.7,25.6,0,0,0,0,Open Enrollment
38,-87.7657438,41.92131717,Dr Jorge Prieto Math and Science,"(-87.7657438, 41.92131717)",2,Dr Jorge Prieto Math and Science,Open Enrollment,General,14.6,8.6,0,0,0,0,Open Enrollment
42,-87.7618211,41.99946016,Edgebrook Elementary School,"(-87.7618211, 41.99946016)",2,Edgebrook Elementary School,Open Enrollment,General,60.2,56.8,0,0,0,0,Open Enrollment
43,-87.76152094,41.92392771,Hanson Park Elementary School,"(-87.76152094, 41.92392771)",2,Hanson Park Elementary School,Open Enrollment,General,14.4,11,0,0,0,0,Open Enrollment
44,-87.76115305,41.93038593,Franz Peter Schubert Elementary School,"(-87.76115305, 41.93038593)",2,Franz Peter Schubert Elementary School,Open Enrollment,General,10.6,10.2,0,0,0,0,Open Enrollment
45,-87.76100593,41.9570151,Portage Park Elementary School,"(-87.76100593, 41.9570151)",2,Portage Park Elementary School,Open Enrollment,General,22.9,21.1,0,0,0,0,Open Enrollment
46,-87.75943557,41.89362521,Julia Ward Howe Elementary School of Excellence,"(-87.75943557, 41.89362521)",2,Julia Ward Howe Elementary School of Excellence,Open Enrollment,General,20.6,9.3,0,0,0,0,Open Enrollment
47,-87.75896524,41.79905206,Mark Twain Elementary School,"(-87.75896524, 41.79905206)",2,Mark Twain Elementary School,Open Enrollment,General,32.3,19.8,0,0,0,0,Open Enrollment
48,-87.75876919,41.77549238,Robert L Grimes Elementary School,"(-87.75876919, 41.77549238)",2,Robert L Grimes Elementary School,Open Enrollment,General,22.1,18.8,0,0,0,0,Open Enrollment
52,-87.75715297,41.94878107,William P Gray Elementary School,"(-87.75715297, 41.94878107)",2,William P Gray Elementary School,Open Enrollment,General,26.1,19.4,0,0,0,0,Open Enrollment
53,-87.75585034,41.89918473,John Hay Elementary Community Academy,"(-87.75585034, 41.89918473)",2,John Hay Elementary Community Academy,Open Enrollment,General,11.9,10,0,0,0,0,Open Enrollment
54,-87.75451319,41.90682528,Leslie Lewis Elementary School,"(-87.75451319, 41.90682528)",2,Leslie Lewis Elementary School,Open Enrollment,General,4,5,0,0,0,0,Open Enrollment
56,-87.74936705,41.93577597,Laughlin Falconer Elementary School,"(-87.74936705, 41.93577597)",2,Laughlin Falconer Elementary School,Open Enrollment,General,21,14.2,0,0,0,0,Open Enrollment
57,-87.74931216,41.87358321,George Leland Elementary School,"(-87.74931216, 41.87358321)",2,Horatio May Elementary Community Academy,Open Enrollment,General,9.4,5.6,1,0,0,0,Open Enrollment
58,-87.74847861,41.91883022,Henry D Lloyd Elementary School,"(-87.74847861, 41.91883022)",2,Henry D Lloyd Elementary School,Open Enrollment,General,23.5,10.5,0,0,0,0,Open Enrollment
60,-87.74720007,41.89214726,Henry H Nash Elementary School,"(-87.74720007, 41.89214726)",2,NA,Open Enrollment,General,NA,NA,NA,0,0,0,Open Enrollment
61,-87.74674645,41.8978464,Ronald E McNair Elementary School,"(-87.74674645, 41.8978464)",2,Ronald E McNair Elementary School,Open Enrollment,General,9.8,5.6,0,0,0,0,Open Enrollment
62,-87.74599137,41.99117332,Sauganash Elementary School,"(-87.74599137, 41.99117332)",2,Sauganash Elementary School,Open Enrollment,General,49.1,34.5,0,0,0,0,Open Enrollment
63,-87.74576315,41.80818821,Phobe Apperson Hearst Elementary School,"(-87.74576315, 41.80818821)",2,Phobe Apperson Hearst Elementary School,Open Enrollment,General,4.9,6.7,0,0,0,0,Open Enrollment
65,-87.73992325,41.77105158,Mariano Azuela Elementary School,"(-87.73992325, 41.77105158)",2,Mariano Azuela Elementary School,Open Enrollment,General,13,11.9,0,0,0,0,Open Enrollment
66,-87.73942514,41.93251118,John Barry Elementary School,"(-87.73942514, 41.93251118)",2,John Barry Elementary School,Open Enrollment,General,15.2,12.4,0,0,0,0,Open Enrollment
67,-87.73917547,41.97326374,John Palmer Elementary School,"(-87.73917547, 41.97326374)",2,John Palmer Elementary School,Open Enrollment,General,25.3,15.1,0,0,0,0,Open Enrollment
69,-87.73434997,41.84139181,Emiliano Zapata Elementary Academy,"(-87.73434997, 41.84139181)",2,Emiliano Zapata Elementary Academy,Open Enrollment,General,21.6,13.7,0,0,0,0,Open Enrollment
70,-87.73398223,41.95890499,Hiram H Belding Elementary School,"(-87.73398223, 41.95890499)",2,Hiram H Belding Elementary School,Open Enrollment,General,27.3,21.4,0,0,0,0,Open Enrollment
72,-87.73262962,41.78688968,Louis Pasteur Elementary School,"(-87.73262962, 41.78688968)",2,Louis Pasteur Elementary School,Open Enrollment,General,15.9,13.7,0,0,0,0,Open Enrollment
73,-87.73240646,41.90691024,West Park Elementary Academy,"(-87.73240646, 41.90691024)",2,West Park Elementary Academy,Open Enrollment,General,10.8,6.9,0,0,0,0,Open Enrollment
74,-87.73222901,41.94164944,Jonathan Y Scammon Elementary School,"(-87.73222901, 41.94164944)",2,Jonathan Y Scammon Elementary School,Open Enrollment,General,14.8,11.9,0,0,0,0,Open Enrollment
75,-87.73177486,41.86049033,Charles Evans Hughes Elementary School,"(-87.73177486, 41.86049033)",2,Charles Evans Hughes Elementary School,Open Enrollment,General,12.2,4.7,0,0,0,0,Open Enrollment
76,-87.73170248,41.74711093,Adlai E Stevenson Elementary School,"(-87.73170248, 41.74711093)",2,Adlai E Stevenson Elementary School,Open Enrollment,General,18.3,15.5,0,0,0,0,Open Enrollment
77,-87.73138368,41.91959342,William P Nixon Elementary School,"(-87.73138368, 41.91959342)",2,William P Nixon Elementary School,Open Enrollment,General,11.2,9.6,0,0,0,0,Open Enrollment
78,-87.73129753,41.9001461,Brian Piccolo Elementary Specialty School,"(-87.73129753, 41.9001461)",2,Brian Piccolo Elementary Specialty School,Open Enrollment,General,3.4,1.6,0,0,0,0,Open Enrollment
79,-87.73122946,41.84559878,Daniel J Corkery Elementary School,"(-87.73122946, 41.84559878)",2,Daniel J Corkery Elementary School,Open Enrollment,General,13.6,8.2,0,0,0,0,Open Enrollment
85,-87.72993324,41.90612797,Alfred Nobel Elementary School,"(-87.72993324, 41.90612797)",2,Alfred Nobel Elementary School,Open Enrollment,General,9.7,7.1,0,0,0,0,Open Enrollment
86,-87.72991927,41.73886352,Durkin Park Elementary School,"(-87.72991927, 41.73886352)",2,Durkin Park Elementary School,Open Enrollment,General,22,16.3,0,0,0,0,Open Enrollment
87,-87.72892174,41.77532831,Richard Henry Lee Elementary School,"(-87.72892174, 41.77532831)",2,Richard Henry Lee Elementary School,Open Enrollment,General,15.6,7.6,0,0,0,0,Open Enrollment
88,-87.72748159,41.86988904,Daniel Webster Elementary School,"(-87.72748159, 41.86988904)",2,Daniel Webster Elementary School,Open Enrollment,General,25.9,21,0,0,0,0,Open Enrollment
92,-87.7255084,41.84006197,Eli Whitney Elementary School,"(-87.7255084, 41.84006197)",2,Eli Whitney Elementary School,Open Enrollment,General,15,9.4,0,0,0,0,Open Enrollment
93,-87.72474354,41.94001885,Federico Garcia Lorca Elementary School,"(-87.72474354, 41.94001885)",2,Federico Garcia Lorca Elementary School,Open Enrollment,General,8.9,7.5,0,0,0,0,Open Enrollment
94,-87.72464875,41.87877166,Genevieve Melody Elementary School,"(-87.72464875, 41.87877166)",2,Edward C Delano Elementary School,Open Enrollment,General,6.8,10.9,1,0,0,0,Open Enrollment
95,-87.72464139,41.97160605,Alessandro Volta Elementary School,"(-87.72464139, 41.97160605)",2,Alessandro Volta Elementary School,Open Enrollment,General,19.9,14.2,0,0,0,0,Open Enrollment
96,-87.72407991,41.99397007,Hannah G Solomon Elementary School,"(-87.72407991, 41.99397007)",2,Hannah G Solomon Elementary School,Open Enrollment,General,52.4,42.8,0,0,0,0,Open Enrollment
97,-87.72389409,41.91480732,Sharon Christa McAuliffe Elementary School,"(-87.72389409, 41.91480732)",2,Sharon Christa McAuliffe Elementary School,Open Enrollment,General,10.4,11,0,0,0,0,Open Enrollment
98,-87.72316496,41.96403525,Helge A Haugan Elementary School,"(-87.72316496, 41.96403525)",2,Helge A Haugan Elementary School,Open Enrollment,General,15.2,10.2,0,0,0,0,Open Enrollment
100,-87.72192541,41.92092734,Wolfgang A Mozart Elementary School,"(-87.72192541, 41.92092734)",2,Wolfgang A Mozart Elementary School,Open Enrollment,General,12,11,0,0,0,0,Open Enrollment
103,-87.72133609,41.85836995,KIPP Ascend Academy Charter Elementary School,"(-87.72133609, 41.85836995)",2,William Penn Elementary School,Open Enrollment,General,8.1,5.5,0,0,0,0,Open Enrollment
104,-87.72133609,41.85836995,William Penn Elementary School,"(-87.72133609, 41.85836995)",2,William Penn Elementary School,Open Enrollment,General,8.1,5.5,0,0,0,0,Open Enrollment
106,-87.71953058,41.94112155,Frank W Reilly Elementary School,"(-87.71953058, 41.94112155)",2,Frank W Reilly Elementary School,Open Enrollment,General,15.5,9.8,0,0,0,0,Open Enrollment
107,-87.71950804,41.7667583,Edward N Hurley Elementary School,"(-87.71950804, 41.7667583)",2,Edward N Hurley Elementary School,Open Enrollment,General,16.4,11.7,0,0,0,0,Open Enrollment
108,-87.71922211,41.78792632,Ferdinand Peck Elementary School,"(-87.71922211, 41.78792632)",2,Ferdinand Peck Elementary School,Open Enrollment,General,23.2,13.8,0,0,0,0,Open Enrollment
110,-87.71883334,41.89321142,Laura S Ward Elementary School,"(-87.71883334, 41.89321142)",2,Martin A Ryerson Elementary School,Open Enrollment,General,23.1,17.1,0,0,0,0,Open Enrollment
111,-87.71870452,41.83709246,Joseph E Gary Elementary School,"(-87.71870452, 41.83709246)",2,Joseph E Gary Elementary School,Open Enrollment,General,14.3,7.6,0,0,0,0,Open Enrollment
112,-87.71867323,41.87071468,John Milton Gregory Elementary School,"(-87.71867323, 41.87071468)",2,John Milton Gregory Elementary School,Open Enrollment,General,24.2,19.5,0,0,0,0,Open Enrollment
113,-87.71825927,41.86225473,Theodore Herzl Elementary School,"(-87.71825927, 41.86225473)",2,Theodore Herzl Elementary School,Open Enrollment,General,4.6,3.8,0,0,0,0,Open Enrollment
114,-87.71796315,41.90378521,Daniel R Cameron Elementary School,"(-87.71796315, 41.90378521)",2,Daniel R Cameron Elementary School,Open Enrollment,General,10.3,5.9,0,0,0,0,Open Enrollment
115,-87.71738613,41.74510467,Charles Gates Dawes Elementary School,"(-87.71738613, 41.74510467)",2,Charles Gates Dawes Elementary School,Open Enrollment,General,23.1,13.6,0,0,0,0,Open Enrollment
116,-87.71735516,41.84368588,Little Village Elementary School,"(-87.71735516, 41.84368588)",2,Little Village Elementary School,Open Enrollment,General,11.3,11.4,0,0,0,0,Open Enrollment
117,-87.71722614,41.83875333,Josefa Ortiz De Dominguez Elementary School,"(-87.71722614, 41.83875333)",2,Josefa Ortiz De Dominguez Elementary School,Open Enrollment,General,NA,NA,0,0,0,0,Open Enrollment
118,-87.71692852,41.91762127,Frederick Funston Elementary School,"(-87.71692852, 41.91762127)",2,Frederick Funston Elementary School,Open Enrollment,General,12.2,5.8,0,0,0,0,Open Enrollment
120,-87.71598119,41.8485071,Lazaro Cardenas Elementary School,"(-87.71598119, 41.8485071)",2,Lazaro Cardenas Elementary School,Open Enrollment,General,26.3,15.8,0,0,0,0,Open Enrollment
123,-87.71566829,41.95896179,Patrick Henry Elementary School,"(-87.71566829, 41.95896179)",2,Patrick Henry Elementary School,Open Enrollment,General,12.5,12.3,0,0,0,0,Open Enrollment
124,-87.71496352,41.84544296,Rosario Castellanos Elementary School,"(-87.71496352, 41.84544296)",2,Rosario Castellanos Elementary School,Open Enrollment,General,8,6.2,0,0,0,0,Open Enrollment
125,-87.71427105,41.90447488,Pablo Casals Elementary School,"(-87.71427105, 41.90447488)",2,Pablo Casals Elementary School,Open Enrollment,General,9.6,5,0,0,0,0,Open Enrollment
127,-87.71300615,41.86298683,Lawndale Elementary Community Academy,"(-87.71300615, 41.86298683)",2,Lawndale Elementary Community Academy,Open Enrollment,General,3.3,4,0,0,0,0,Open Enrollment
128,-87.71261988,41.98158041,Mary Gage Peterson Elementary School,"(-87.71261988, 41.98158041)",2,Mary Gage Peterson Elementary School,Open Enrollment,General,35.5,27.5,0,0,0,0,Open Enrollment
132,-87.71102417,41.79235177,Socorro Sandoval Elementary School,"(-87.71102417, 41.79235177)",2,Socorro Sandoval Elementary School,Open Enrollment,General,15.9,9.1,0,0,0,0,Open Enrollment
135,-87.71036214,41.97036267,William G Hibbard Elementary School,"(-87.71036214, 41.97036267)",2,William G Hibbard Elementary School,Open Enrollment,General,19.3,15.3,0,0,0,0,Open Enrollment
136,-87.71023279,41.90654684,James Russell Lowell Elementary School,"(-87.71023279, 41.90654684)",2,James Russell Lowell Elementary School,Open Enrollment,General,10.2,8.2,0,0,0,0,Open Enrollment
142,-87.70814201,41.78750499,Enrico Tonti Elementary School,"(-87.70814201, 41.78750499)",2,Enrico Tonti Elementary School,Open Enrollment,General,17.5,13,0,0,0,0,Open Enrollment
143,-87.70808199,41.87974117,Michael Faraday Elementary School,"(-87.70808199, 41.87974117)",2,Michael Faraday Elementary School,Open Enrollment,General,17.9,7,0,0,0,0,Open Enrollment
146,-87.70800189,41.7744471,John F Eberhart Elementary School,"(-87.70800189, 41.7744471)",2,John F Eberhart Elementary School,Open Enrollment,General,8.9,9.6,0,0,0,0,Open Enrollment
149,-87.70642927,41.9520147,Grover Cleveland Elementary School,"(-87.70642927, 41.9520147)",2,Grover Cleveland Elementary School,Open Enrollment,General,23.4,15.8,0,0,0,0,Open Enrollment
150,-87.70642093,41.76443483,Tarkington School of Excellence ES,"(-87.70642093, 41.76443483)",2,Tarkington School of Excellence Elementary School,Open Enrollment,General,13.4,9.7,0,0,0,0,Open Enrollment
152,-87.70595357,42.00299575,West Ridge Elementary School,"(-87.70595357, 42.00299575)",2,West Ridge Elementary School,Open Enrollment,General,16.9,13,0,0,0,0,Open Enrollment
153,-87.70581859,41.88529401,Jacob Beidler Elementary School,"(-87.70581859, 41.88529401)",2,Jacob Beidler Elementary School,Open Enrollment,General,14.3,5.1,0,0,0,0,Open Enrollment
154,-87.70577383,41.69574845,Mount Greenwood Elementary School,"(-87.70577383, 41.69574845)",2,Mount Greenwood Elementary School,Open Enrollment,General,39.5,39.2,0,0,0,0,Open Enrollment
159,-87.70507547,41.85077575,Gerald Delgado Kanoon Elementary Magnet School,"(-87.70507547, 41.85077575)",2,Gerald Delgado Kanoon Elementary Magnet School,Open Enrollment,General,8,6.6,0,0,0,0,Open Enrollment
160,-87.70504311,41.79752155,Sidney Sawyer Elementary School,"(-87.70504311, 41.79752155)",2,Sidney Sawyer Elementary School,Open Enrollment,General,18.7,12.7,0,0,0,0,Open Enrollment
161,-87.7049885,41.88928666,Mary Mapes Dodge Elementary Renaissance Academy,"(-87.7049885, 41.88928666)",2,Morton School of Excellence,Open Enrollment,General,16.3,8.4,0,0,0,0,Open Enrollment
162,-87.7049885,41.88928666,Morton School of Excellence,"(-87.7049885, 41.88928666)",2,Morton School of Excellence,Open Enrollment,General,16.3,8.4,0,0,0,0,Open Enrollment
164,-87.70423481,41.81105689,Columbia Explorers Elementary Academy,"(-87.70423481, 41.81105689)",2,Columbia Explorers Elementary Academy,Open Enrollment,General,17.1,13.8,0,0,0,0,Open Enrollment
165,-87.70325179,41.68733881,George F Cassell Elementary School,"(-87.70325179, 41.68733881)",2,George F Cassell Elementary School,Open Enrollment,General,24.9,24.5,0,0,0,0,Open Enrollment
166,-87.7031756,41.86183983,James Weldon Johnson Elementary School,"(-87.7031756, 41.86183983)",2,James Weldon Johnson Elementary School,Open Enrollment,General,8.9,5,0,0,0,0,Open Enrollment
167,-87.70259825,41.94001885,Carl von Linne Elementary School,"(-87.70259825, 41.94001885)",2,Carl von Linne Elementary School,Open Enrollment,General,24.8,15.1,0,0,0,0,Open Enrollment
169,-87.70218806,41.95823045,Newton Bateman Elementary School,"(-87.70218806, 41.95823045)",2,Newton Bateman Elementary School,Open Enrollment,General,21.7,16.1,0,0,0,0,Open Enrollment
173,-87.70056525,41.98461372,Minnie Mars Jamieson Elementary School,"(-87.70056525, 41.98461372)",2,Minnie Mars Jamieson Elementary School,Open Enrollment,General,37.5,23.7,0,0,0,0,Open Enrollment
174,-87.70024324,41.91502858,Richard Yates Elementary School,"(-87.70024324, 41.91502858)",2,Richard Yates Elementary School,Open Enrollment,General,15.2,5.4,0,0,0,0,Open Enrollment
178,-87.69922315,41.882977,Willa Cather Elementary School,"(-87.69922315, 41.882977)",2,Willa Cather Elementary School,Open Enrollment,General,20.3,20.9,0,0,0,0,Open Enrollment
181,-87.69839748,41.99256421,DeWitt Clinton Elementary School,"(-87.69839748, 41.99256421)",2,DeWitt Clinton Elementary School,Open Enrollment,General,33.5,21.8,0,0,0,0,Open Enrollment
186,-87.69714858,42.01526618,Philip Rogers Elementary School,"(-87.69714858, 42.01526618)",2,Philip Rogers Elementary School,Open Enrollment,General,34.3,28.3,0,0,0,0,Open Enrollment
187,-87.6970673,41.77390682,Marquette Elementary School,"(-87.6970673, 41.77390682)",2,Marquette Elementary School,Open Enrollment,General,6.8,4.6,0,0,0,0,Open Enrollment
188,-87.69690545,41.9125311,Bernhard Moos Elementary School,"(-87.69690545, 41.9125311)",2,Bernhard Moos Elementary School,Open Enrollment,General,24,7.5,0,0,0,0,Open Enrollment
190,-87.69660443,41.97572652,Lyman A Budlong Elementary School,"(-87.69660443, 41.97572652)",2,Lyman A Budlong Elementary School,Open Enrollment,General,26.6,23.7,0,0,0,0,Open Enrollment
191,-87.69627777,41.85269133,Charles G Hammond Elementary School,"(-87.69627777, 41.85269133)",2,Charles G Hammond Elementary School,Open Enrollment,General,10.1,5.8,0,0,0,0,Open Enrollment
192,-87.69625758,41.93097047,Lorenz Brentano Math & Science Academy ES,"(-87.69625758, 41.93097047)",2,Lorenz Brentano Math & Science Academy Elementary School,Open Enrollment,General,18.4,8.2,0,0,0,0,Open Enrollment
193,-87.696003,41.74248931,Carroll-Rosenwald Specialty Elementary School,"(-87.696003, 41.74248931)",2,Carroll-Rosenwald Specialty Elementary School,Open Enrollment,General,11.8,9.1,0,0,0,0,Open Enrollment
194,-87.69526079,41.8664078,Thomas Chalmers Specialty Elementary School,"(-87.69526079, 41.8664078)",2,Thomas Chalmers Specialty Elementary School,Open Enrollment,General,2.1,4.9,0,0,0,0,Open Enrollment
201,-87.69293637,41.9228282,Johann W von Goethe Elementary School,"(-87.69293637, 41.9228282)",2,Johann W von Goethe Elementary School,Open Enrollment,General,24.9,17.6,0,0,0,0,Open Enrollment
204,-87.69250468,41.86028668,Ambrose Plamondon Elementary School,"(-87.69250468, 41.86028668)",2,Ambrose Plamondon Elementary School,Open Enrollment,General,12.3,11.4,0,0,0,0,Open Enrollment
205,-87.69249318,41.8288631,John C Burroughs Elementary School,"(-87.69249318, 41.8288631)",2,John C Burroughs Elementary School,Open Enrollment,General,25.9,16,0,0,0,0,Open Enrollment
206,-87.69207758,41.78086789,Fairfield Elementary Academy,"(-87.69207758, 41.78086789)",2,Fairfield Elementary Academy,Open Enrollment,General,4.1,4.3,0,0,0,0,Open Enrollment
207,-87.69204069,41.82391375,Brighton Park Elementary School,"(-87.69204069, 41.82391375)",2,Brighton Park Elementary School,Open Enrollment,General,18.6,11.4,0,0,0,0,Open Enrollment
208,-87.69174944,41.76810662,Francis M McKay Elementary School,"(-87.69174944, 41.76810662)",2,Francis M McKay Elementary School,Open Enrollment,General,5.7,5.7,0,0,0,0,Open Enrollment
210,-87.6902983,41.79407382,Talman Elementary School,"(-87.6902983, 41.79407382)",2,Talman Elementary School,Open Enrollment,General,27.3,16.5,0,0,0,0,Open Enrollment
213,-87.68968453,41.81593528,James Shields Elementary School,"(-87.68968453, 41.81593528)",2,James Shields Elementary School,Open Enrollment,General,18.3,12.7,0,0,0,0,Open Enrollment
214,-87.68917624,41.79774019,Florence Nightingale Elementary School,"(-87.68917624, 41.79774019)",2,Florence Nightingale Elementary School,Open Enrollment,General,11.3,8.2,0,0,0,0,Open Enrollment
215,-87.68890154,41.89674048,Frederic Chopin Elementary School,"(-87.68890154, 41.89674048)",2,Frederic Chopin Elementary School,Open Enrollment,General,57.6,47.6,0,0,0,0,Open Enrollment
216,-87.68851192,41.78428993,Donald Morrill Math & Science Elementary School,"(-87.68851192, 41.78428993)",2,Donald Morrill Math & Science Elementary School,Open Enrollment,General,10,5.7,0,0,0,0,Open Enrollment
217,-87.68783576,41.79325514,Rachel Carson Elementary School,"(-87.68783576, 41.79325514)",2,Rachel Carson Elementary School,Open Enrollment,General,19.4,12.2,0,0,0,0,Open Enrollment
220,-87.68572005,41.90531549,Jose De Diego Elementary Community Academy,"(-87.68572005, 41.90531549)",2,Jose De Diego Elementary Community Academy,Open Enrollment,General,16.7,11.3,0,0,0,0,Open Enrollment
221,-87.68570412,41.84919885,William F Finkl Elementary School,"(-87.68570412, 41.84919885)",2,William F Finkl Elementary School,Open Enrollment,General,19.2,9.6,0,0,0,0,Open Enrollment
223,-87.68564411,41.8016744,Walter S Christopher Elementary School,"(-87.68564411, 41.8016744)",2,Walter S Christopher Elementary School,Open Enrollment,General,13.3,5.7,0,0,0,0,Open Enrollment
225,-87.68446868,42.01017628,George Armstrong International Studies ES,"(-87.68446868, 42.01017628)",2,George Armstrong International Studies Elementary School,Open Enrollment,General,30.4,19.5,0,0,0,0,Open Enrollment
228,-87.68380061,41.91851374,Pulaski International School of Chicago,"(-87.68380061, 41.91851374)",2,Pulaski International Academy Elmentary School,Open Enrollment,General,24.2,19.4,0,0,0,0,Open Enrollment
229,-87.68357939,41.87161238,Washington Irving Elementary School,"(-87.68357939, 41.87161238)",2,Washington Irving Elementary School,Open Enrollment,General,22.6,20.9,0,0,0,0,Open Enrollment
230,-87.6833397,41.85287295,Josiah Pickard Elementary School,"(-87.6833397, 41.85287295)",2,Josiah Pickard Elementary School,Open Enrollment,General,16.1,11,0,0,0,0,Open Enrollment
232,-87.68317867,41.89205482,Ellen Mitchell Elementary School,"(-87.68317867, 41.89205482)",2,Ellen Mitchell Elementary School,Open Enrollment,General,30.1,27.3,0,0,0,0,Open Enrollment
234,-87.68190167,41.89958139,Christopher Columbus Elementary School,"(-87.68190167, 41.89958139)",2,Christopher Columbus Elementary School,Open Enrollment,General,42,30.5,0,0,0,0,Open Enrollment
236,-87.68127322,41.83154196,Edward Everett Elementary School,"(-87.68127322, 41.83154196)",2,Edward Everett Elementary School,Open Enrollment,General,13.6,13.6,0,0,0,0,Open Enrollment
237,-87.68108634,41.77753754,Claremont Academy Elementary School,"(-87.68108634, 41.77753754)",2,Claremont Academy Elementary School,Open Enrollment,General,12.1,8.1,0,0,0,0,Open Enrollment
241,-87.68031236,41.87984242,Robert Nathaniel Dett Elementary School,"(-87.68031236, 41.87984242)",2,Victor Herbert Elementary School,Open Enrollment,General,30,10.3,1,0,0,0,Open Enrollment
242,-87.67779928,42.01709536,Jordan Elementary Community School,"(-87.67779928, 42.01709536)",2,Jordan Elementary Community School,Open Enrollment,General,16.9,7.1,0,0,0,0,Open Enrollment
245,-87.67750501,41.82776914,Velma F Thomas Early Childhood Center,"(-87.67750501, 41.82776914)",2,Velma F Thomas Early Childhood Center,Open Enrollment,General,NA,NA,0,0,0,0,Open Enrollment
246,-87.67719555,41.72525315,Kate S Kellogg Elementary School,"(-87.67719555, 41.72525315)",2,Kate S Kellogg Elementary School,Open Enrollment,General,24.2,30.9,0,0,0,0,Open Enrollment
247,-87.67678398,41.71142687,Elizabeth H Sutherland Elementary School,"(-87.67678398, 41.71142687)",2,Elizabeth H Sutherland Elementary School,Open Enrollment,General,37.2,35.7,0,0,0,0,Open Enrollment
248,-87.67632505,41.96784758,James B McPherson Elementary School,"(-87.67632505, 41.96784758)",2,James B McPherson Elementary School,Open Enrollment,General,15.4,15.9,0,0,0,0,Open Enrollment
251,-87.67555599,41.78125258,Charles W Earle Elementary School,"(-87.67555599, 41.78125258)",2,Elaine O Goodlow Elementary Magnet School,Open Enrollment,General,9.8,8.6,1,0,0,0,Open Enrollment
253,-87.67513395,41.77418952,The Montessori School of Englewood Charter,"(-87.67513395, 41.77418952)",2,Luke O'Toole Elementary School,Open Enrollment,General,7.8,4.6,0,0,0,0,Open Enrollment
254,-87.67513395,41.77418952,Luke O'Toole Elementary School,"(-87.67513395, 41.77418952)",2,Luke O'Toole Elementary School,Open Enrollment,General,7.8,4.6,0,0,0,0,Open Enrollment
260,-87.67315753,42.00767533,New Field Elementary School,"(-87.67315753, 42.00767533)",2,New Field Elementary School,Open Enrollment,General,23.2,10.9,0,0,0,0,Open Enrollment
261,-87.67224309,41.80234381,Richard J Daley Elementary Academy,"(-87.67224309, 41.80234381)",2,Richard J Daley Elementary Academy,Open Enrollment,General,14.4,5.3,0,0,0,0,Open Enrollment
262,-87.6721446,41.8097569,Agustin Lara Elementary Academy,"(-87.6721446, 41.8097569)",2,Agustin Lara Elementary Academy,Open Enrollment,General,11.1,9.6,0,0,0,0,Open Enrollment
263,-87.67196481,42.02106425,Stephen F Gale Elementary Community Academy,"(-87.67196481, 42.02106425)",2,Stephen F Gale Elementary Community Academy,Open Enrollment,General,7.6,6.9,0,0,0,0,Open Enrollment
264,-87.67192466,41.79061716,Charles R Henderson Elementary School,"(-87.67192466, 41.79061716)",2,Charles R Henderson Elementary School,Open Enrollment,General,4.8,2.6,0,0,0,0,Open Enrollment
265,-87.67145551,41.82966356,Nathanael Greene Elementary School,"(-87.67145551, 41.82966356)",2,Nathanael Greene Elementary School,Open Enrollment,General,23.2,20.2,0,0,0,0,Open Enrollment
267,-87.67096453,41.75421962,Clara Barton Elementary School,"(-87.67096453, 41.75421962)",2,Clara Barton Elementary School,Open Enrollment,General,8.1,5.7,0,0,0,0,Open Enrollment
272,-87.66994862,42.00966462,Eugene Field Elementary School,"(-87.66994862, 42.00966462)",2,Eugene Field Elementary School,Open Enrollment,General,9.8,7.9,0,0,0,0,Open Enrollment
274,-87.66955245,41.92886824,William H Prescott Elementary School,"(-87.66955245, 41.92886824)",2,William H Prescott Elementary School,Open Enrollment,General,16,8.9,0,0,0,0,Open Enrollment
276,-87.66932903,41.74934082,Scott Joplin Elementary School,"(-87.66932903, 41.74934082)",2,Scott Joplin Elementary School,Open Enrollment,General,9.8,12.2,0,0,0,0,Open Enrollment
277,-87.66916143,41.68939069,Esmond Elementary School,"(-87.66916143, 41.68939069)",2,Esmond Elementary School,Open Enrollment,General,8.9,7.7,0,0,0,0,Open Enrollment
278,-87.66880778,41.81029632,William H Seward Communication Arts Academy ES,"(-87.66880778, 41.81029632)",2,William H Seward Communication Arts Academy Elementary School,Open Enrollment,General,12.2,7.9,0,0,0,0,Open Enrollment
280,-87.6685227,41.99456814,Stephen K Hayt Elementary School,"(-87.6685227, 41.99456814)",2,Stephen K Hayt Elementary School,Open Enrollment,General,28.6,23.2,0,0,0,0,Open Enrollment
281,-87.66847093,41.79754288,Robert Fulton Elementary School,"(-87.66847093, 41.79754288)",2,Robert Fulton Elementary School,Open Enrollment,General,9.6,1.1,0,0,0,0,Open Enrollment
282,-87.66826026,42.00367622,Joyce Kilmer Elementary School,"(-87.66826026, 42.00367622)",2,Joyce Kilmer Elementary School,Open Enrollment,General,22.8,15,0,0,0,0,Open Enrollment
289,-87.66724753,41.85605839,Peter Cooper Elementary Dual Language Academy,"(-87.66724753, 41.85605839)",2,Peter Cooper Elementary Dual Language Academy,Open Enrollment,General,9.6,10.7,0,0,0,0,Open Enrollment
292,-87.66600055,41.80715514,Cesar E Chavez Multicultural Academic Center ES,"(-87.66600055, 41.80715514)",2,Cesar E Chavez Multicultural Academic Center Elementary School,Open Enrollment,General,19.8,8.4,0,0,0,0,Open Enrollment
293,-87.66586537,41.98342819,Helen Peirce International Studies ES,"(-87.66586537, 41.98342819)",2,Helen Peirce International Studies Elementary School,Open Enrollment,General,25.5,20.5,0,0,0,0,Open Enrollment
302,-87.66388983,41.9623189,Mary E Courtenay Elementary Language Arts Center,"(-87.66388983, 41.9623189)",2,Joseph Stockton Elementary School,Open Enrollment,General,18.3,12.4,1,0,0,0,Open Enrollment
303,-87.6622254,41.85887606,Pilsen Elementary Community Academy,"(-87.6622254, 41.85887606)",2,Pilsen Elementary Community Academy,Open Enrollment,General,18,12.8,0,0,0,0,Open Enrollment
304,-87.66113856,41.80726347,John H Hamline Elementary School,"(-87.66113856, 41.80726347)",2,John H Hamline Elementary School,Open Enrollment,General,20.1,6.1,0,0,0,0,Open Enrollment
306,-87.65996858,41.79764784,Arthur A Libby Elementary School,"(-87.65996858, 41.79764784)",2,Arthur A Libby Elementary School,Open Enrollment,General,4.8,3.9,0,0,0,0,Open Enrollment
307,-87.6598119,41.74526284,John W Cook Elementary School,"(-87.6598119, 41.74526284)",2,John W Cook Elementary School,Open Enrollment,General,6.4,4.6,0,0,0,0,Open Enrollment
309,-87.65870614,41.69093337,John D Shoop Math-Science Technical Academy ES,"(-87.65870614, 41.69093337)",2,John D Shoop Math-Science Technical Academy Elementary School,Open Enrollment,General,12.9,8.3,0,0,0,0,Open Enrollment
311,-87.6582125,41.76510322,Daniel S Wentworth Elementary School,"(-87.6582125, 41.76510322)",2,John P Altgeld Elementary School,Open Enrollment,General,16.4,20.9,1,0,0,0,Open Enrollment
312,-87.65812011,41.67747786,Johnnie Colemon Elementary Academy,"(-87.65812011, 41.67747786)",2,Johnnie Colemon Elementary Academy,Open Enrollment,General,14.6,18.4,0,0,0,0,Open Enrollment
313,-87.65811642,41.70514024,Alice L Barnard Computer Math & Science Ctr ES,"(-87.65811642, 41.70514024)",2,Alice L Barnard Computer Math & Science Center Elementary School,Open Enrollment,General,18,15.7,0,0,0,0,Open Enrollment
319,-87.6572053,41.78465652,Anna R. Langford Community Academy,"(-87.6572053, 41.78465652)",2,Anna R. Langford Community Academy,Open Enrollment,General,12.6,7.5,0,0,0,0,Open Enrollment
322,-87.65534733,41.68391137,John Whistler Elementary School,"(-87.65534733, 41.68391137)",2,John Whistler Elementary School,Open Enrollment,General,5.4,4.1,0,0,0,0,Open Enrollment
323,-87.65472193,41.97095968,John T McCutcheon Elementary School,"(-87.65472193, 41.97095968)",2,John T McCutcheon Elementary School,Open Enrollment,General,19.5,10.8,0,0,0,0,Open Enrollment
325,-87.65366994,41.74244489,Paul Cuffe Math-Science Technology Academy ES,"(-87.65366994, 41.74244489)",2,Paul Cuffe Math-Science Technology Academy Elementary School,Open Enrollment,General,20.6,15.6,0,0,0,0,Open Enrollment
326,-87.65354234,41.77427377,Perkins Bass Elementary School,"(-87.65354234, 41.77427377)",2,Perkins Bass Elementary School,Open Enrollment,General,5,6,0,0,0,0,Open Enrollment
329,-87.65305514,41.76538639,Carrie Jacobs Bond Elementary School,"(-87.65305514, 41.76538639)",2,Carrie Jacobs Bond Elementary School,Open Enrollment,General,7.9,5.6,0,0,0,0,Open Enrollment
330,-87.65248591,41.71931953,Wendell E Green Elementary School,"(-87.65248591, 41.71931953)",2,Wendell E Green Elementary School,Open Enrollment,General,25.8,15.7,0,0,0,0,Open Enrollment
331,-87.65233933,41.85810053,Joseph Jungman Elementary School,"(-87.65233933, 41.85810053)",2,Joseph Jungman Elementary School,Open Enrollment,General,7.8,6.6,0,0,0,0,Open Enrollment
334,-87.65061898,41.8338821,Phillip D Armour Elementary School,"(-87.65061898, 41.8338821)",2,Phillip D Armour Elementary School,Open Enrollment,General,10.1,8.7,0,0,0,0,Open Enrollment
335,-87.65055321,41.67233661,Edward White Elementary Career Academy,"(-87.65055321, 41.67233661)",2,Edward White Elementary Career Academy,Open Enrollment,General,7.4,7.4,0,0,0,0,Open Enrollment
336,-87.65025483,41.79978772,William T Sherman Elementary School,"(-87.65025483, 41.79978772)",2,William T Sherman Elementary School,Open Enrollment,General,8.1,1.7,0,0,0,0,Open Enrollment
337,-87.64977785,41.79376044,Oliver Wendell Holmes Elementary School,"(-87.64977785, 41.79376044)",2,Oliver Wendell Holmes Elementary School,Open Enrollment,General,5,3,0,0,0,0,Open Enrollment
339,-87.6492534,41.75892669,Amos Alonzo Stagg Elementary School,"(-87.6492534, 41.75892669)",2,Amos Alonzo Stagg Elementary School,Open Enrollment,General,7.7,7.8,0,0,0,0,Open Enrollment
340,-87.6480814,41.7162148,Charles H Wacker Elementary School,"(-87.6480814, 41.7162148)",2,Charles H Wacker Elementary School,Open Enrollment,General,17.4,15.9,0,0,0,0,Open Enrollment
341,-87.64804964,41.85484214,John A Walsh Elementary School,"(-87.64804964, 41.85484214)",2,John A Walsh Elementary School,Open Enrollment,General,17.4,12.5,0,0,0,0,Open Enrollment
342,-87.64768959,41.70196704,Mount Vernon Elementary School,"(-87.64768959, 41.70196704)",2,Mount Vernon Elementary School,Open Enrollment,General,14.6,9.8,0,0,0,0,Open Enrollment
343,-87.64754034,41.7065956,Marcus Moziah Garvey Elementary School,"(-87.64754034, 41.7065956)",2,Marcus Moziah Garvey Elementary School,Open Enrollment,General,22.4,18.5,0,0,0,0,Open Enrollment
346,-87.64675679,41.73409818,Mahalia Jackson Elementary School,"(-87.64675679, 41.73409818)",2,Mahalia Jackson Elementary School,Open Enrollment,General,7.6,9.2,0,0,0,0,Open Enrollment
347,-87.64633949,41.92984626,Louisa May Alcott Elementary School,"(-87.64633949, 41.92984626)",2,Louisa May Alcott Elementary School,Open Enrollment,General,52.6,46.1,0,0,0,0,Open Enrollment
350,-87.64550666,41.75469091,Richard J Oglesby Elementary School,"(-87.64550666, 41.75469091)",2,Richard J Oglesby Elementary School,Open Enrollment,General,5.1,7.5,0,0,0,0,Open Enrollment
351,-87.64506169,41.73891334,Walter Q Gresham Elementary School,"(-87.64506169, 41.73891334)",2,Walter Q Gresham Elementary School,Open Enrollment,General,9.9,7.4,0,0,0,0,Open Enrollment
352,-87.64506169,41.73891334,Kwame Nkrumah Academy Elementary School,"(-87.64506169, 41.73891334)",2,Walter Q Gresham Elementary School,Open Enrollment,General,9.9,7.4,0,0,0,0,Open Enrollment
355,-87.64452163,41.92449696,Abraham Lincoln Elementary School,"(-87.64452163, 41.92449696)",2,Abraham Lincoln Elementary School,Open Enrollment,General,69.7,64.4,0,0,0,0,Open Enrollment
356,-87.64338051,41.81329195,Alexander Graham Elementary School,"(-87.64338051, 41.81329195)",2,NA,Open Enrollment,NA,NA,NA,NA,0,0,0,Open Enrollment
359,-87.6413274,41.76536255,William A Hinton Elementary School,"(-87.6413274, 41.76536255)",2,William A Hinton Elementary School,Open Enrollment,General,9.2,3.8,NA,0,0,0,Open Enrollment
361,-87.64106579,41.82998962,George B McClellan Elementary School,"(-87.64106579, 41.82998962)",2,George B McClellan Elementary School,Open Enrollment,General,22.7,21.3,0,0,0,0,Open Enrollment
364,-87.6403774,41.71119799,Fernwood Elementary School,"(-87.6403774, 41.71119799)",2,Fernwood Elementary School,Open Enrollment,General,12.4,7.8,0,0,0,0,Open Enrollment
365,-87.64037683,41.83957045,Robert Healy Elementary School,"(-87.64037683, 41.83957045)",2,Robert Healy Elementary School,Open Enrollment,General,45.1,29.9,0,0,0,0,Open Enrollment
367,-87.63986347,41.90825367,George Manierre Elementary School,"(-87.63986347, 41.90825367)",2,George Manierre Elementary School,Open Enrollment,General,4.6,4.7,0,0,0,0,Open Enrollment
371,-87.63887904,41.73536767,William H Ryder Math & Science Specialty ES,"(-87.63887904, 41.73536767)",2,William H Ryder Math & Science Specialty Elementary School,Open Enrollment,General,10.6,5.6,0,0,0,0,Open Enrollment
373,-87.63729464,41.77275433,Benjamin E Mays Elementary Academy,"(-87.63729464, 41.77275433)",2,Benjamin Banneker Elementary School,Open Enrollment,General,7.9,1.5,1,0,0,0,Open Enrollment
376,-87.6353099,41.77079606,Francis W Parker Elementary Community Academy,"(-87.6353099, 41.77079606)",2,Francis W Parker Elementary Community Academy,Open Enrollment,General,8.4,6.5,0,0,0,0,Open Enrollment
377,-87.63478949,41.74884018,Oliver S Westcott Elementary School,"(-87.63478949, 41.74884018)",2,Oliver S Westcott Elementary School,Open Enrollment,General,7,6,0,0,0,0,Open Enrollment
378,-87.63426928,41.6694559,Ralph H Metcalfe Elementary Community Academy,"(-87.63426928, 41.6694559)",2,Ralph H Metcalfe Elementary Community Academy,Open Enrollment,General,18.2,12.6,0,0,0,0,Open Enrollment
381,-87.63370133,41.81579314,Thomas A Hendricks Elementary Community Academy,"(-87.63370133, 41.81579314)",2,Thomas A Hendricks Elementary Community Academy,Open Enrollment,General,8.5,1,0,0,0,0,Open Enrollment
383,-87.63270008,41.75733472,John Harvard Elementary School of Excellence,"(-87.63270008, 41.75733472)",2,John Harvard Elementary School of Excellence,Open Enrollment,General,13.8,7.7,0,0,0,0,Open Enrollment
384,-87.6322812,41.7907728,Jesse Sherwood Elementary School,"(-87.6322812, 41.7907728)",2,Jesse Sherwood Elementary School,Open Enrollment,General,25.7,12.9,0,0,0,0,Open Enrollment
387,-87.62928901,41.90003152,William B Ogden Elementary School,"(-87.62928901, 41.90003152)",2,William B Ogden Elementary School,Open Enrollment,General,40.8,39.9,0,0,0,0,Open Enrollment
388,-87.62928114,41.85277255,National Teachers Elementary Academy,"(-87.62928114, 41.85277255)",2,National Teachers Elementary Academy,Open Enrollment,General,16.5,12.7,0,0,0,0,Open Enrollment
390,-87.62859008,41.84403809,John B Drake Elementary School,"(-87.62859008, 41.84403809)",2,Williams Multiplex Elementary School,Open Enrollment,General,24.3,27.9,1,0,0,0,Open Enrollment
392,-87.62713349,41.69628998,Mildred I Lavizzo Elementary School,"(-87.62713349, 41.69628998)",2,Mildred I Lavizzo Elementary School,Open Enrollment,General,6.1,4.6,0,0,0,0,Open Enrollment
393,-87.62711401,41.80910779,Ludwig Van Beethoven Elementary School,"(-87.62711401, 41.80910779)",2,Ludwig Van Beethoven Elementary School,Open Enrollment,General,16.5,4,0,0,0,0,Open Enrollment
395,-87.6257474,41.80214349,Crispus Attucks Elementary School,"(-87.6257474, 41.80214349)",2,Crispus Attucks Elementary School,Open Enrollment,General,7.6,10,1,0,0,0,Open Enrollment
398,-87.62338156,41.76250359,Charles S Deneen Elementary School,"(-87.62338156, 41.76250359)",2,Charles S Deneen Elementary School,Open Enrollment,General,9.4,6.8,0,0,0,0,Open Enrollment
400,-87.62248974,41.78984129,William W Carter Elementary School,"(-87.62248974, 41.78984129)",2,William W Carter Elementary School,Open Enrollment,General,6.8,5.5,0,0,0,0,Open Enrollment
402,-87.62170972,41.77163474,Charles S Brownell Elementary School,"(-87.62170972, 41.77163474)",2,Charles S Brownell Elementary School,Open Enrollment,General,12.9,8.8,0,0,0,0,Open Enrollment
403,-87.62166148,41.68544575,George W Curtis Elementary School,"(-87.62166148, 41.68544575)",2,George W Curtis Elementary School,Open Enrollment,General,10.1,3.8,0,0,0,0,Open Enrollment
404,-87.62089767,41.7384386,Jane A Neil Elementary School,"(-87.62089767, 41.7384386)",2,Jane A Neil Elementary School,Open Enrollment,General,11.4,7.1,0,0,0,0,Open Enrollment
405,-87.61978251,41.82732778,Ida B Wells Preparatory Elementary Academy,"(-87.61978251, 41.82732778)",2,William J & Charles H Mayo Elementary School,Open Enrollment,General,15.5,6,1,0,0,0,Open Enrollment
408,-87.61802983,41.75194729,Martha Ruggles Elementary School,"(-87.61802983, 41.75194729)",2,Martha Ruggles Elementary School,Open Enrollment,General,8.7,5.5,0,0,0,0,Open Enrollment
410,-87.61735342,41.71041656,Frank I Bennett Elementary School,"(-87.61735342, 41.71041656)",2,Frank I Bennett Elementary School,Open Enrollment,General,13.7,8.4,0,0,0,0,Open Enrollment
411,-87.61717494,41.779797,John Foster Dulles Elementary School,"(-87.61717494, 41.779797)",2,John Foster Dulles Elementary School,Open Enrollment,General,9.1,3.8,0,0,0,0,Open Enrollment
413,-87.61658079,41.81434006,Irvin C Mollison Elementary School,"(-87.61658079, 41.81434006)",2,Irvin C Mollison Elementary School,Open Enrollment,General,4.8,4.3,0,0,0,0,Open Enrollment
414,-87.61617809,41.79679285,Edmond Burke Elementary School,"(-87.61617809, 41.79679285)",2,Edmond Burke Elementary School,Open Enrollment,General,7.9,4.3,0,0,0,0,Open Enrollment
416,-87.61291629,41.8310921,James R Doolittle Jr Elementary School,"(-87.61291629, 41.8310921)",2,James R Doolittle Jr Elementary School,Open Enrollment,General,2.2,1.1,0,0,0,0,Open Enrollment
417,-87.61182077,41.8180061,Melville W Fuller Elementary School,"(-87.61182077, 41.8180061)",2,Melville W Fuller Elementary School,Open Enrollment,General,3.6,1.4,0,0,0,0,Open Enrollment
418,-87.61150917,41.76648584,Park Manor Elementary School,"(-87.61150917, 41.76648584)",2,Park Manor Elementary School,Open Enrollment,General,6.2,5.7,0,0,0,0,Open Enrollment
419,-87.61128176,41.70036107,Countee Cullen Elementary School,"(-87.61128176, 41.70036107)",2,Countee Cullen Elementary School,Open Enrollment,General,9.7,8.1,0,0,0,0,Open Enrollment
420,-87.61001515,41.74365776,Arthur Dixon Elementary School,"(-87.61001515, 41.74365776)",2,Arthur Dixon Elementary School,Open Enrollment,General,22,15.7,0,0,0,0,Open Enrollment
421,-87.60939383,41.68879566,George M Pullman Elementary School,"(-87.60939383, 41.68879566)",2,George M Pullman Elementary School,Open Enrollment,General,14.8,17.8,0,0,0,0,Open Enrollment
422,-87.60932095,41.77544062,Emmett Louis Till Math and Science Academy,"(-87.60932095, 41.77544062)",2,Emmett Louis Till Math and Science Academy,Open Enrollment,General,3.2,3.5,0,0,0,0,Open Enrollment
423,-87.60866927,41.78517099,John Fiske Elementary School,"(-87.60866927, 41.78517099)",2,Austin O Sexton Elementary School,Open Enrollment,General,6.1,5.2,1,0,0,0,Open Enrollment
425,-87.60845505,41.81447955,Carter G Woodson South Elementary School,"(-87.60845505, 41.81447955)",2,Carter G Woodson South Elementary School,Open Enrollment,General,4.3,2.4,0,0,0,0,Open Enrollment
429,-87.60682834,41.76069854,Henry O Tanner Elementary School,"(-87.60682834, 41.76069854)",2,Henry O Tanner Elementary School,Open Enrollment,General,6.9,4.6,0,0,0,0,Open Enrollment
430,-87.60649623,41.65743243,Ira F Aldridge Elementary School,"(-87.60649623, 41.65743243)",2,Ira F Aldridge Elementary School,Open Enrollment,General,7.7,7.2,0,0,0,0,Open Enrollment
433,-87.6049443,41.80420101,William C Reavis Math & Science Specialty ES,"(-87.6049443, 41.80420101)",2,William C Reavis Math & Science Specialty Elementary School,Open Enrollment,General,5.8,10.1,0,0,0,0,Open Enrollment
434,-87.60468711,41.70758462,Wendell Smith Elementary School,"(-87.60468711, 41.70758462)",2,Wendell Smith Elementary School,Open Enrollment,General,9.4,4.2,0,0,0,0,Open Enrollment
435,-87.60246287,41.7980295,Charles Kozminski Elementary Community Academy,"(-87.60246287, 41.7980295)",2,Charles Kozminski Elementary Community Academy,Open Enrollment,General,5,6.1,0,0,0,0,Open Enrollment
436,-87.60113659,41.74015307,Arthur R Ashe Elementary School,"(-87.60113659, 41.74015307)",2,Arthur R Ashe Elementary School,Open Enrollment,General,9.2,2.8,0,0,0,0,Open Enrollment
437,-87.60105531,41.77350389,James Wadsworth Elementary School,"(-87.60105531, 41.77350389)",2,Dumas Technology Academy,Open Enrollment,General,8.3,5.8,1,0,0,0,Open Enrollment
439,-87.60017165,41.76422335,Paul Revere Elementary School,"(-87.60017165, 41.76422335)",2,Paul Revere Elementary School,Open Enrollment,General,3.5,3.4,0,0,0,0,Open Enrollment
441,-87.59903174,41.81735839,Jackie Robinson Elementary School,"(-87.59903174, 41.81735839)",2,Jackie Robinson Elementary School,Open Enrollment,General,6.5,6.4,0,0,0,0,Open Enrollment
444,-87.59689622,41.71701772,Theophilus Schmid Elementary School,"(-87.59689622, 41.71701772)",2,Theophilus Schmid Elementary School,Open Enrollment,General,17.1,6.7,0,0,0,0,Open Enrollment
448,-87.59392226,41.80432122,Beulah Shoesmith Elementary School,"(-87.59392226, 41.80432122)",2,Beulah Shoesmith Elementary School,Open Enrollment,General,10.8,19.6,0,0,0,0,Open Enrollment
454,-87.59039017,41.76772772,South Shore Fine Arts Academy,"(-87.59039017, 41.76772772)",2,Enrico Fermi Elementary School,Open Enrollment,General,0.6,2.6,0,0,0,0,Open Enrollment
456,-87.58960096,41.7331047,Mary E McDowell Elementary School,"(-87.58960096, 41.7331047)",2,Mary E McDowell Elementary School,Open Enrollment,General,21,16.1,0,0,0,0,Open Enrollment
458,-87.58686328,41.7934746,Bret Harte Elementary School,"(-87.58686328, 41.7934746)",2,Bret Harte Elementary School,Open Enrollment,General,27.5,21.9,0,0,0,0,Open Enrollment
459,-87.58299131,41.76856599,Parkside Elementary Community Academy,"(-87.58299131, 41.76856599)",2,Parkside Elementary Community Academy,Open Enrollment,General,5.6,3.5,0,0,0,0,Open Enrollment
460,-87.58217727,41.72613498,Amelia Earhart Options for Knowledge ES,"(-87.58217727, 41.72613498)",2,Amelia Earhart Options for Knowledge Elementary School,Open Enrollment,General,27.5,26.4,0,0,0,0,Open Enrollment
461,-87.58076569,41.73922735,Charles P Caldwell Academy of Math & Science ES,"(-87.58076569, 41.73922735)",2,Charles P Caldwell Academy of Math & Science Elementary School,Open Enrollment,General,10.9,6.8,0,0,0,0,Open Enrollment
463,-87.57603849,41.76086093,Edward A Bouchet Math & Science Academy ES,"(-87.57603849, 41.76086093)",2,Edward A Bouchet Math & Science Academy Elementary School,Open Enrollment,General,5.6,7.6,0,0,0,0,Open Enrollment
464,-87.5753162,41.72677474,Joseph Warren Elementary School,"(-87.5753162, 41.72677474)",2,Joseph Warren Elementary School,Open Enrollment,General,13.7,14.7,0,0,0,0,Open Enrollment
465,-87.57485274,41.74830012,Horace Mann Elementary School,"(-87.57485274, 41.74830012)",2,Horace Mann Elementary School,Open Enrollment,General,3.4,3.4,0,0,0,0,Open Enrollment
466,-87.57284299,41.76861557,Isabelle C O'Keeffe Elementary School,"(-87.57284299, 41.76861557)",2,Isabelle C O'Keeffe Elementary School,Open Enrollment,General,3.4,6.7,0,0,0,0,Open Enrollment
467,-87.5681905,41.73330693,Thomas Hoyne Elementary School,"(-87.5681905, 41.73330693)",2,Thomas Hoyne Elementary School,Open Enrollment,General,23.4,14,0,0,0,0,Open Enrollment
468,-87.56716721,41.71440176,Burnham Elementary Inclusive Academy,"(-87.56716721, 41.71440176)",2,Robert H Lawrence Elementary School,Open Enrollment,General,2.7,3.4,0,0,0,0,Open Enrollment
470,-87.56212104,41.69973969,Orville T Bright Elementary School,"(-87.56212104, 41.69973969)",2,Orville T Bright Elementary School,Open Enrollment,General,8.2,5.9,0,0,0,0,Open Enrollment
471,-87.55717881,41.7543734,Myra Bradwell Communications Arts & Sciences ES,"(-87.55717881, 41.7543734)",2,Myra Bradwell Communications Arts & Sciences Elementary School,Open Enrollment,General,6.3,4.3,0,0,0,0,Open Enrollment
472,-87.55673627,41.76032435,Adam Clayton Powell Paideia Community Academy ES,"(-87.55673627, 41.76032435)",2,Adam Clayton Powell Paideia Community Academy Elementary School,Open Enrollment,General,16.8,16.5,0,0,0,0,Open Enrollment
475,-87.55251993,41.71657908,John L Marsh Elementary School,"(-87.55251993, 41.71657908)",2,John L Marsh Elementary School,Open Enrollment,General,18.9,14.5,0,0,0,0,Open Enrollment
476,-87.55189813,41.74374969,Ninos Heroes Elementary Academic Center,"(-87.55189813, 41.74374969)",2,Ninos Heroes Elementary Academic Center,Open Enrollment,General,14.7,9.4,0,0,0,0,Open Enrollment
477,-87.544577,41.65455937,Henry Clay Elementary School,"(-87.544577, 41.65455937)",2,Henry Clay Elementary School,Open Enrollment,General,17.1,12.3,0,0,0,0,Open Enrollment
478,-87.54451462,41.73331035,LEARN  Charter School-South Chicago Campus,"(-87.54451462, 41.73331035)",2,James N Thorp Elementary School,Open Enrollment,General,8.7,3.6,0,0,0,0,Open Enrollment
479,-87.54451462,41.73331035,James N Thorp Elementary School,"(-87.54451462, 41.73331035)",2,James N Thorp Elementary School,Open Enrollment,General,8.7,3.6,0,0,0,0,Open Enrollment
481,-87.53600985,41.68810403,George Washington Elementary School,"(-87.53600985, 41.68810403)",2,George Washington Elementary School,Open Enrollment,General,30.4,24.7,0,0,0,0,Open Enrollment
483,-87.53301251,41.69871497,Jane Addams Elementary School,"(-87.53301251, 41.69871497)",2,Jane Addams Elementary School,Open Enrollment,General,19.3,15.9,0,0,0,0,Open Enrollment
484,-87.5330074,41.71544589,Douglas Taylor Elementary School,"(-87.5330074, 41.71544589)",2,Douglas Taylor Elementary School,Open Enrollment,General,12.4,9.9,0,0,0,0,Open Enrollment
51,-87.75752776,41.97237914,Jean Baptiste Beaubien Elementary School,"(-87.75752776, 41.97237914)",2,Jean Baptiste Beaubien Elementary School,Regional Gifted Center,General,49.1,41.8,0,0,1,1,MagTest
138,-87.70962725,41.9711433,Albany Park Multicultural Academy,"(-87.70962725, 41.9711433)",2,Thomas A Edison Regional Gifted Center Elementary School,Regional Gifted Center,General,79,88.4,0,0,1,1,MagTest
139,-87.70962725,41.9711433,Thomas A Edison Regional Gifted Center ES,"(-87.70962725, 41.9711433)",2,Thomas A Edison Regional Gifted Center Elementary School,Regional Gifted Center,General,79,88.4,0,0,1,1,MagTest
185,-87.6972638,41.69719792,Annie Keller Elementary Gifted Magnet School,"(-87.6972638, 41.69719792)",2,Annie Keller Elementary Gifted Magnet School,Regional Gifted Center,General,92.8,92.3,0,0,1,1,MagTest
219,-87.68605496,41.94952795,Alexander Graham Bell Elementary School,"(-87.68605496, 41.94952795)",2,Alexander Graham Bell Elementary School,Regional Gifted Center,General,64,57.9,0,0,1,1,MagTest
227,-87.68380195,41.95554905,John C Coonley Elementary School,"(-87.68380195, 41.95554905)",2,John C Coonley Elementary School,Regional Gifted Center,General,45.3,39,0,0,1,1,MagTest
243,-87.67779555,41.907025,A.N. Pritzker School,"(-87.67779555, 41.907025)",2,NA,Regional Gifted Center,NA,NA,NA,NA,0,1,1,MagTest
389,-87.62865124,41.86685634,South Loop Elementary School,"(-87.62865124, 41.86685634)",2,NA,Regional Gifted Center,NA,NA,NA,NA,0,1,1,MagTest
391,-87.62800231,41.74715024,Lenart Elementary Regional Gifted Center,"(-87.62800231, 41.74715024)",2,Lenart Elementary Regional Gifted Center,Regional Gifted Center,General,88,86.4,0,0,1,1,MagTest
396,-87.62565509,41.79847228,Edward Beasley Elementary Magnet Academic Center,"(-87.62565509, 41.79847228)",2,NA,Regional Gifted Center,NA,NA,NA,NA,0,1,1,MagTest
451,-87.59079649,41.78339577,Andrew Carnegie Elementary School,"(-87.59079649, 41.78339577)",2,Andrew Carnegie Elementary School,Regional Gifted Center,General,21.4,20.4,0,0,1,1,MagTest
29,-87.77650575,41.94215439,Chicago Academy Elementary School,"(-87.77650575, 41.94215439)",2,Chicago Academy Elementary School,Small,General,41.9,30.3,0,0,0,0,Small
50,-87.75820003,41.92053845,Belmont-Cragin Elementary School,"(-87.75820003, 41.92053845)",2,NA,Small,NA,NA,NA,NA,0,0,0,Small
82,-87.73049117,41.85685194,Legacy Charter Elementary School,"(-87.73049117, 41.85685194)",2,Roswell B Mason Elementary School,Small,General,4.2,5.8,0,0,0,0,Small
130,-87.71160875,41.82440547,Calmeca Academy of Fine Arts and Dual Language,"(-87.71160875, 41.82440547)",2,Calmeca Academy of Fine Arts and Dual Language,Small,General,13.9,10.3,0,0,0,0,Small
137,-87.70964592,41.74233179,Ashburn Community Elementary School,"(-87.70964592, 41.74233179)",2,Ashburn Community Elementary School,Small,General,15.1,9.5,0,0,0,0,Small
148,-87.70718808,41.96173669,North River Elementary School,"(-87.70718808, 41.96173669)",2,North River Elementary School,Small,General,19.6,13.7,0,0,0,0,Small
380,-87.63373912,41.90144445,Rueben Salazar Elementary Bilingual Center,"(-87.63373912, 41.90144445)",2,Rueben Salazar Elementary Bilingual Center,Small,General,20.5,15.5,0,0,0,0,Small
442,-87.5985003,41.81133445,University of Chicago Charter - NKO,"(-87.5985003, 41.81133445)",2,Ariel Elementary Community Academy,Small,General,24.8,14.4,0,0,0,0,Small
443,-87.5985003,41.81133445,Ariel Elementary Community Academy,"(-87.5985003, 41.81133445)",2,Ariel Elementary Community Academy,Small,General,24.8,14.4,0,0,0,0,Small
447,-87.59435584,41.77339962,Woodlawn Community Elementary School,"(-87.59435584, 41.77339962)",2,Woodlawn Community Elementary School,Small,General,17.5,22.2,0,0,0,0,Small
455,-87.59039017,41.76772772,South Shore Fine Arts Academy,"(-87.59039017, 41.76772772)",2,South Shore Fine Arts Academy,Small,General,20.8,0,0,0,0,0,Small
3,-87.81420664,42.0168639,Frederick Stock Elementary School,"(-87.81420664, 42.0168639)",2,Frederick Stock Elementary School,Special Ed,General,NA,NA,0,0,0,0,Special Ed
15,-87.79056836,41.77652935,Blair Early Childhood Center,"(-87.79056836, 41.77652935)",2,Blair Early Childhood Center,Special Ed,General,NA,NA,0,0,0,0,Special Ed
16,-87.78963691,41.97009738,Daniel C Beard Elementary School,"(-87.78963691, 41.97009738)",2,Daniel C Beard Elementary School,Special Ed,General,NA,NA,0,0,0,0,Special Ed
222,-87.6856634,41.68821843,Barbara Vick Early Childhood & Family Center,"(-87.6856634, 41.68821843)",2,Barbara Vick Early Childhood & Family Center,Special Ed,General,NA,NA,0,0,0,0,Special Ed
275,-87.66951363,41.88357478,Wilma Rudolph Elementary Learning Center,"(-87.66951363, 41.88357478)",2,Wilma Rudolph Elementary Learning Center,Special Ed,General,NA,NA,0,0,0,0,Special Ed
291,-87.66648084,41.86471954,Moses Montefiore Special Elementary School,"(-87.66648084, 41.86471954)",2,Moses Montefiore Special Elementary School,Special Ed,General,0,0,0,0,0,0,Special Ed